City_ID,City,Country,Date,Lat,Lng,Max Temp,Humidity,Cloudiness,Wind Speed
0,Kapaa,US,2022-08-06 19:07:59,22.0752,-159.319,80.92,80,40,9.22
1,Lufilufi,WS,2022-08-06 19:07:59,-13.8745,-171.5986,79.95,76,63,14.03
2,Krasnoselkup,RU,2022-08-06 19:08:00,65.7,82.4667,55.58,89,86,10.78
3,Sao Cristovao,BR,2022-08-06 19:08:00,-11.0147,-37.2064,78.71,73,75,6.91
4,Alofi,NU,2022-08-06 19:08:01,-19.0595,-169.9187,73.29,90,100,23.24
5,Grindavik,IS,2022-08-06 19:08:01,63.8424,-22.4338,52.27,100,100,13.8
6,Vao,NC,2022-08-06 19:08:01,-22.6667,167.4833,73.9,81,6,15.1
7,Ushuaia,AR,2022-08-06 19:04:01,-54.8,-68.3,37.06,75,0,3.44
8,Jonkoping,SE,2022-08-06 19:08:02,57.7814,14.1562,58.71,77,5,12.66
9,San Ramon,US,2022-08-06 19:08:02,37.7799,-121.978,79.48,61,0,12.66
10,Hambantota,LK,2022-08-06 19:08:03,6.1241,81.1185,77.34,100,20,5.75
11,Souillac,MU,2022-08-06 19:08:03,-20.5167,57.5167,70.02,81,66,9.8
12,Cabinda,AO,2022-08-06 19:08:04,-5.55,12.2,68.47,83,64,7.09
13,Provideniya,RU,2022-08-06 19:08:04,64.3833,-173.3,50.97,72,84,5.41
14,Kahului,US,2022-08-06 19:03:40,20.8947,-156.47,87.82,59,20,18.41
15,Smithers,CA,2022-08-06 19:08:05,54.7804,-127.1743,71.64,52,100,3.71
16,Gunjur,GM,2022-08-06 19:08:05,13.2019,-16.7339,78.87,94,75,0.0
17,Skovorodino,RU,2022-08-06 19:08:06,53.9833,123.9167,52.7,79,100,3.49
18,Port Elizabeth,ZA,2022-08-06 19:05:55,-33.918,25.5701,57.09,98,100,3.0
19,Jamestown,US,2022-08-06 19:05:45,42.097,-79.2353,84.94,61,20,13.8
20,Bluff,NZ,2022-08-06 19:08:06,-46.6,168.3333,38.59,96,100,11.72
21,Atar,MR,2022-08-06 19:08:07,20.5169,-13.0499,86.04,50,99,15.46
22,Chapais,CA,2022-08-06 19:08:07,49.7834,-74.8492,83.73,34,75,16.26
23,Hithadhoo,MV,2022-08-06 19:08:07,-0.6,73.0833,82.76,71,20,9.06
24,Haines Junction,CA,2022-08-06 19:08:08,60.7522,-137.5108,56.01,69,100,6.67
25,New Norfolk,AU,2022-08-06 19:08:08,-42.7826,147.0587,39.7,95,99,2.06
26,Busselton,AU,2022-08-06 19:08:09,-33.65,115.3333,54.43,83,100,7.87
27,Belaya Gora,RU,2022-08-06 19:08:09,68.5333,146.4167,51.53,77,100,6.96
28,Goderich,CA,2022-08-06 19:08:10,43.7501,-81.7165,80.91,74,4,10.87
29,Arraial Do Cabo,BR,2022-08-06 19:08:11,-22.9661,-42.0278,71.46,68,75,6.91
30,Vila,PT,2022-08-06 19:08:11,42.0304,-8.1588,74.7,54,0,4.45
31,Geneva,US,2022-08-06 19:08:12,41.8875,-88.3054,94.68,57,20,14.97
32,Hermanus,ZA,2022-08-06 19:08:12,-34.4187,19.2345,55.8,78,20,20.92
33,Qaanaaq,GL,2022-08-06 19:08:13,77.484,-69.3632,43.72,54,51,1.72
34,Barrow,US,2022-08-06 19:08:13,71.2906,-156.7887,35.82,86,100,13.11
35,Albany,US,2022-08-06 19:08:14,42.6001,-73.9662,93.94,57,100,1.01
36,Raudeberg,NO,2022-08-06 19:08:14,61.9875,5.1352,52.95,68,80,18.01
37,Viet Tri,VN,2022-08-06 19:08:15,21.3019,105.4308,78.75,98,100,3.58
38,Saint Anthony,US,2022-08-06 19:08:15,45.0205,-93.218,78.58,88,75,5.75
39,Katsuura,JP,2022-08-06 19:08:16,35.1333,140.3,75.99,86,41,7.16
40,Georgetown,MY,2022-08-06 19:07:50,5.4112,100.3354,80.89,82,20,0.0
41,Victoria,HK,2022-08-06 19:08:07,22.2855,114.1577,83.32,90,8,4.0
42,Havoysund,NO,2022-08-06 19:08:17,70.9963,24.6622,59.23,76,62,7.78
43,Port Alfred,ZA,2022-08-06 19:08:17,-33.5906,26.891,57.18,95,100,15.82
44,Tuktoyaktuk,CA,2022-08-06 19:08:18,69.4541,-133.0374,48.13,90,100,19.17
45,Kieta,PG,2022-08-06 19:08:18,-6.2167,155.6333,78.15,82,100,5.86
46,Clyde River,CA,2022-08-06 19:08:19,70.4692,-68.5914,40.37,85,93,9.44
47,Husavik,IS,2022-08-06 19:08:19,66.0449,-17.3389,53.8,75,98,1.43
48,Torbay,CA,2022-08-06 19:05:31,47.6666,-52.7314,76.87,77,100,5.99
49,Pueblo Nuevo,MX,2022-08-06 19:09:20,23.3833,-105.3833,72.39,57,98,7.02
50,Klaksvik,FO,2022-08-06 19:09:20,62.2266,-6.589,54.52,98,100,8.03
51,Avarua,CK,2022-08-06 19:09:21,-21.2078,-159.775,73.45,68,20,13.8
52,Vaini,TO,2022-08-06 19:09:21,-21.2,-175.2,73.56,94,40,6.91
53,Benghazi,LY,2022-08-06 19:09:22,32.1167,20.0667,81.99,70,0,9.71
54,Moron,AR,2022-08-06 19:09:22,-34.6534,-58.6198,61.05,53,100,8.97
55,Rikitea,PF,2022-08-06 19:09:22,-23.1203,-134.9692,69.21,65,100,19.01
56,Mahebourg,MU,2022-08-06 19:09:23,-20.4081,57.7,69.26,80,29,10.31
57,Ballina,AU,2022-08-06 19:09:23,-28.8667,153.5667,48.24,69,0,9.06
58,Mataura,NZ,2022-08-06 19:09:24,-46.1927,168.8643,37.67,99,100,7.81
59,Leonidovo,RU,2022-08-06 19:09:24,49.2833,142.8667,55.54,99,100,5.12
60,Hobart,AU,2022-08-06 19:09:24,-42.8794,147.3294,40.05,90,100,5.75
61,Sao Joao Da Barra,BR,2022-08-06 19:04:40,-21.6403,-41.0511,75.29,69,74,13.44
62,Pevek,RU,2022-08-06 19:09:25,69.7008,170.3133,36.01,98,100,3.09
63,Prince Rupert,CA,2022-08-06 19:09:25,54.3161,-130.3201,61.56,86,99,3.56
64,Yemanzhelinsk,RU,2022-08-06 19:09:26,54.7547,61.3208,65.37,67,37,4.88
65,Kamaishi,JP,2022-08-06 19:09:26,39.2667,141.8833,67.19,86,5,8.08
66,Cidreira,BR,2022-08-06 19:09:27,-30.1811,-50.2056,56.66,69,100,9.26
67,Punta Arenas,CL,2022-08-06 19:09:00,-53.15,-70.9167,39.31,75,100,7.25
68,Llandrindod Wells,GB,2022-08-06 19:09:27,52.2416,-3.3787,65.37,67,30,4.79
69,Broome,US,2022-08-06 19:09:27,42.2506,-75.833,90.86,58,40,8.05
70,Cape Town,ZA,2022-08-06 19:09:28,-33.9258,18.4232,57.9,77,3,18.01
71,San Quintin,MX,2022-08-06 19:09:28,30.4833,-115.95,76.51,73,100,15.57
72,Great Yarmouth,GB,2022-08-06 19:09:29,52.6083,1.7305,66.02,54,21,6.51
73,Upernavik,GL,2022-08-06 19:09:29,72.7868,-56.1549,40.41,93,76,11.95
74,Cherskiy,RU,2022-08-06 19:09:30,68.75,161.3,49.71,69,100,9.15
75,Plouzane,FR,2022-08-06 19:09:30,48.3833,-4.6167,66.38,51,0,16.11
76,Kruisfontein,ZA,2022-08-06 19:09:30,-34.0033,24.7314,54.88,86,100,10.85
77,Nemuro,JP,2022-08-06 19:09:31,43.3236,145.575,60.75,91,99,10.07
78,Kourou,GF,2022-08-06 19:09:31,5.1552,-52.6478,89.65,68,100,10.6
79,Adrar,MR,2022-08-06 19:09:32,20.5022,-10.0711,106.38,12,79,14.12
80,Brownsville,US,2022-08-06 19:07:06,25.9018,-97.4975,97.09,52,20,19.57
81,Khatanga,RU,2022-08-06 19:09:32,71.9667,102.5,54.01,79,0,4.25
82,Tiksi,RU,2022-08-06 19:09:33,71.6872,128.8694,38.71,92,100,15.61
83,Faanui,PF,2022-08-06 19:09:33,-16.4833,-151.75,78.12,75,53,25.75
84,Butaritari,KI,2022-08-06 19:09:34,3.0707,172.7902,81.68,77,25,14.43
85,Severo-Kurilsk,RU,2022-08-06 19:09:34,50.6789,156.125,53.4,90,100,8.86
86,America Dourada,BR,2022-08-06 19:09:35,-11.4553,-41.4361,85.48,24,17,13.49
87,Sao Fidelis,BR,2022-08-06 19:09:35,-21.6461,-41.7469,75.15,66,99,6.15
88,Coihaique,CL,2022-08-06 19:09:35,-45.5752,-72.0662,40.95,65,75,10.36
89,Saint-Augustin,CA,2022-08-06 19:05:35,51.226,-58.6502,77.04,35,94,18.5
90,Abrau-Dyurso,RU,2022-08-06 19:09:36,44.69,37.59,76.48,65,0,5.91
91,Bambous Virieux,MU,2022-08-06 19:09:36,-20.3428,57.7575,69.22,80,24,10.07
92,Abalak,RU,2022-08-06 19:09:37,58.1286,68.5944,65.93,67,100,5.91
93,Ribeira Grande,PT,2022-08-06 19:09:37,38.5167,-28.7,79.2,73,20,5.75
94,Avallon,FR,2022-08-06 19:10:38,47.4833,3.9,72.23,31,0,11.92
95,Kodiak,US,2022-08-06 19:09:12,57.79,-152.4072,60.31,59,20,4.61
96,Atuona,PF,2022-08-06 19:10:38,-9.8,-139.0333,76.8,78,12,17.34
97,Lagoa,PT,2022-08-06 19:10:38,39.05,-27.9833,75.06,80,12,11.48
98,Banda Aceh,ID,2022-08-06 19:10:39,5.5577,95.3222,79.36,77,90,11.88
99,Chau Doc,VN,2022-08-06 19:10:06,10.7,105.1167,77.61,85,100,12.26
100,Flinders,AU,2022-08-06 19:10:39,-34.5833,150.8552,50.38,76,10,5.99
101,Banjarmasin,ID,2022-08-06 19:10:40,-3.3244,114.591,71.74,89,100,3.6
102,Moose Factory,CA,2022-08-06 19:10:40,51.2585,-80.6094,80.58,54,75,26.46
103,Hay River,CA,2022-08-06 19:06:28,60.8156,-115.7999,64.4,70,100,7.16
104,Esperance,AU,2022-08-06 19:10:41,-33.8667,121.9,51.46,70,21,14.03
105,Port Lincoln,AU,2022-08-06 19:10:41,-34.7333,135.8667,53.01,66,73,9.46
106,Mount Gambier,AU,2022-08-06 19:10:41,-37.8333,140.7667,40.91,100,40,4.61
107,Goya,AR,2022-08-06 19:10:42,-29.14,-59.2626,54.7,69,100,7.16
108,Alizai,PK,2022-08-06 19:10:42,33.5383,70.3462,83.44,61,14,3.06
109,Tanout,NE,2022-08-06 19:08:10,14.9709,8.8879,93.22,35,95,7.18
110,Sept-Iles,CA,2022-08-06 19:06:02,50.2001,-66.3821,71.06,62,33,8.99
111,Kirs,RU,2022-08-06 19:10:43,59.3388,52.2447,68.97,68,73,0.87
112,Hemsedal,NO,2022-08-06 19:10:43,60.8629,8.5534,50.16,72,7,6.96
113,Genhe,CN,2022-08-06 19:10:44,50.7833,121.5167,54.68,95,100,4.41
114,Ponta Do Sol,PT,2022-08-06 19:10:44,32.6667,-17.1,75.7,80,0,4.65
115,Amarante Do Maranhao,BR,2022-08-06 19:10:44,-5.5667,-46.7422,97.39,25,97,7.9
116,Toktogul,KG,2022-08-06 19:10:45,41.8708,72.9402,71.11,44,9,1.07
117,Keetmanshoop,NA,2022-08-06 19:10:45,-26.5833,18.1333,70.36,20,100,10.27
118,Mina,MX,2022-08-06 19:10:46,26.0011,-100.5299,90.81,28,39,17.87
119,Balkanabat,TM,2022-08-06 19:10:46,39.5108,54.3671,89.83,25,56,6.29
120,Pontal Do Parana,BR,2022-08-06 19:10:47,-25.6533,-48.5128,62.98,90,100,6.64
121,Faya,SA,2022-08-06 19:10:47,18.3851,42.4509,63.12,75,100,4.74
122,Pangnirtung,CA,2022-08-06 19:10:47,66.1451,-65.7125,46.67,79,100,3.71
123,Norsup,VU,2022-08-06 19:10:48,-16.0667,167.3833,77.94,81,29,8.41
124,Katsina,NG,2022-08-06 19:10:48,12.9894,7.6006,87.82,46,95,8.55
125,Puerto Salgar,CO,2022-08-06 19:10:48,5.463,-74.6544,82.65,71,99,2.53
126,Teguldet,RU,2022-08-06 19:10:49,57.3064,88.1667,53.92,95,91,2.44
127,Touros,BR,2022-08-06 19:10:49,-5.1989,-35.4608,80.13,74,68,16.13
128,Minab,IR,2022-08-06 19:10:50,27.1467,57.0801,90.9,66,0,3.83
129,Cayenne,GF,2022-08-06 19:10:50,4.9333,-52.3333,89.64,13,100,13.8
130,Padang,ID,2022-08-06 19:08:07,-0.9492,100.3543,76.69,85,83,4.07
131,Mogadishu,SO,2022-08-06 19:10:51,2.0371,45.3438,75.9,81,22,19.15
132,Richards Bay,ZA,2022-08-06 19:10:51,-28.783,32.0377,67.69,86,100,2.95
133,Mollendo,PE,2022-08-06 19:10:52,-17.0231,-72.0147,64.31,75,68,12.3
134,Enshi,CN,2022-08-06 19:10:52,30.3,109.4833,75.04,92,4,1.32
135,Tshikapa,CD,2022-08-06 19:10:52,-6.4167,20.8,83.98,24,80,3.58
136,Nanortalik,GL,2022-08-06 19:11:53,60.1432,-45.2371,45.19,91,100,5.61
137,Okhotsk,RU,2022-08-06 19:11:53,59.3833,143.3,56.03,92,99,14.34
138,Puerto Ayora,EC,2022-08-06 19:09:06,-0.7393,-90.3518,80.56,87,91,8.99
139,Coahuayana,MX,2022-08-06 19:11:54,18.7333,-103.6833,88.74,62,100,8.05
140,Half Moon Bay,US,2022-08-06 19:11:54,37.4636,-122.4286,81.05,71,100,13.8
141,Fortuna,US,2022-08-06 19:11:34,40.5982,-124.1573,69.93,77,75,9.22
142,Kavaratti,IN,2022-08-06 19:11:55,10.5669,72.642,80.65,85,100,21.54
143,Boueni,YT,2022-08-06 19:11:55,-12.9025,45.0761,73.38,55,1,5.84
144,Talnakh,RU,2022-08-06 19:11:55,69.4865,88.3972,54.21,97,99,7.14
145,Gerede,TR,2022-08-06 19:11:56,40.8008,32.1969,60.21,93,100,3.22
146,Shingu,JP,2022-08-06 19:11:56,33.7333,135.9833,76.64,92,35,3.91
147,Ahipara,NZ,2022-08-06 19:11:56,-35.1667,173.1667,60.04,93,100,13.0
148,Mizdah,LY,2022-08-06 19:11:57,31.4451,12.9801,84.78,23,0,14.12
149,Isangel,VU,2022-08-06 19:11:57,-19.55,169.2667,73.92,85,0,8.1
150,Kaitangata,NZ,2022-08-06 19:11:58,-46.2817,169.8464,40.24,97,100,11.41
151,Aginskoye,RU,2022-08-06 19:11:58,51.1,114.53,50.25,68,0,15.32
152,Fuerte Olimpo,PY,2022-08-06 19:11:58,-21.0415,-57.8738,87.78,35,100,5.57
153,Sioux Lookout,CA,2022-08-06 19:11:59,50.1001,-91.917,64.62,45,24,12.15
154,Ostrovnoy,RU,2022-08-06 19:11:59,68.0531,39.5131,70.27,66,100,21.14
155,Salalah,OM,2022-08-06 19:12:00,17.0151,54.0924,77.09,94,100,4.61
156,Mar Del Plata,AR,2022-08-06 19:07:59,-38.0023,-57.5575,52.09,79,100,6.91
157,Lompoc,US,2022-08-06 19:12:00,34.6391,-120.4579,75.34,74,100,18.41
158,Yuzhno-Kurilsk,RU,2022-08-06 19:12:00,44.0306,145.8556,59.25,94,100,9.24
159,Nuevo Progreso,MX,2022-08-06 19:12:01,23.1667,-97.95,86.9,54,44,5.01
160,Bekovo,RU,2022-08-06 19:12:01,52.4663,43.712,73.51,43,92,6.85
161,Thompson,CA,2022-08-06 19:08:47,55.7435,-97.8558,67.77,31,31,8.61
162,Dikson,RU,2022-08-06 19:12:02,73.5069,80.5464,41.63,99,77,10.09
163,Aviles,ES,2022-08-06 19:12:02,43.5547,-5.9248,73.38,81,75,13.0
164,Kargasok,RU,2022-08-06 19:12:03,59.0556,80.8572,59.74,88,100,4.92
165,Carnarvon,AU,2022-08-06 19:12:03,-24.8667,113.6333,62.87,62,0,14.0
166,Fuxin,CN,2022-08-06 19:12:04,42.0156,121.6589,77.85,95,100,4.43
167,Castro,BR,2022-08-06 19:12:04,-24.7911,-50.0119,66.54,63,100,5.88
168,Sur,OM,2022-08-06 19:12:05,22.5667,59.5289,88.12,62,9,9.86
169,Terrace,CA,2022-08-06 19:12:05,54.5163,-128.6035,71.82,60,100,3.06
170,Luba,GQ,2022-08-06 19:12:05,3.4568,8.5547,75.52,92,90,6.22
171,Muisne,EC,2022-08-06 19:12:06,0.6,-80.0333,76.71,80,100,10.78
172,Turukhansk,RU,2022-08-06 19:12:06,65.8167,87.9833,58.87,70,100,5.06
173,Elko,US,2022-08-06 19:12:07,41.0002,-115.5012,71.22,73,96,7.0
174,Nome,US,2022-08-06 19:08:56,64.5011,-165.4064,47.16,61,20,4.61
175,Cabo San Lucas,MX,2022-08-06 19:09:27,22.8909,-109.9124,89.91,63,75,16.11
176,Hofn,IS,2022-08-06 19:12:08,64.2539,-15.2082,52.9,94,94,3.69
177,Nikolskoye,RU,2022-08-06 19:12:08,59.7035,30.7861,60.8,95,100,4.14
178,Ust-Uda,RU,2022-08-06 19:12:09,54.1742,103.0304,51.26,83,100,7.02
179,Chuy,UY,2022-08-06 19:12:09,-33.6971,-53.4616,51.51,68,100,8.3
180,Los Llanos De Aridane,ES,2022-08-06 19:12:10,28.6585,-17.9182,71.35,73,75,12.66
181,Siuna,NI,2022-08-06 19:12:10,13.7332,-84.7773,87.01,56,100,7.34
182,Yumen,CN,2022-08-06 19:12:10,40.2833,97.2,76.28,26,100,6.33
183,Saint-Philippe,RE,2022-08-06 19:13:11,-21.3585,55.7679,67.59,77,57,5.01
184,Whitehorse,CA,2022-08-06 19:09:35,60.7161,-135.0538,62.1,52,92,8.99
185,Hilo,US,2022-08-06 19:13:12,19.7297,-155.09,83.28,84,75,8.01
186,Santa Fe,AR,2022-08-06 19:12:03,-31.6333,-60.7,60.03,53,100,8.01
187,Pangkalanbuun,ID,2022-08-06 19:13:12,-2.6833,111.6167,71.78,94,96,1.36
188,Otane,NZ,2022-08-06 19:13:13,-39.8833,176.6333,59.02,80,40,6.38
189,Henties Bay,NA,2022-08-06 19:13:13,-22.116,14.2845,57.18,87,8,2.04
190,Tomatlan,MX,2022-08-06 19:13:13,19.9333,-105.25,90.73,56,64,7.25
191,Hasaki,JP,2022-08-06 19:13:14,35.7333,140.8333,72.28,81,19,6.62
192,Airai,TL,2022-08-06 19:13:15,-8.9266,125.4092,57.15,94,100,2.57
193,Amga,RU,2022-08-06 19:13:15,60.8953,131.9608,59.61,78,37,11.79
194,Fonte Boa,BR,2022-08-06 19:13:15,-2.4959,-66.2662,92.17,44,73,2.15
195,Narsaq,GL,2022-08-06 19:13:16,60.9167,-46.05,50.22,95,100,5.84
196,Berlevag,NO,2022-08-06 19:13:16,70.8578,29.0864,53.6,87,100,11.5
197,Bengkulu,ID,2022-08-06 19:13:17,-3.8004,102.2655,74.79,86,4,3.29
198,Olafsvik,IS,2022-08-06 19:13:17,64.8945,-23.7142,53.73,91,81,4.99
199,Necochea,AR,2022-08-06 19:12:52,-38.5473,-58.7368,47.86,72,99,7.85
200,Makat,KZ,2022-08-06 19:13:18,47.6469,53.3463,83.46,20,100,10.09
201,Saint George,US,2022-08-06 19:09:52,37.1041,-113.5841,94.62,32,0,10.36
202,Okrika,NG,2022-08-06 19:13:19,4.7416,7.0849,76.95,82,99,7.87
203,Bathsheba,BB,2022-08-06 19:13:19,13.2167,-59.5167,88.41,84,40,12.66
204,Sundarnagar,IN,2022-08-06 19:13:20,31.5333,76.8833,73.18,87,54,3.8
205,Moroni,KM,2022-08-06 19:13:20,-11.7022,43.2551,73.96,75,0,8.97
206,Juba,SS,2022-08-06 19:13:21,4.8517,31.5825,70.32,94,73,2.84
207,Dunedin,NZ,2022-08-06 19:13:21,-45.8742,170.5036,47.8,86,100,5.99
208,Sitka,US,2022-08-06 19:13:21,57.0531,-135.33,57.09,94,100,9.22
209,East London,ZA,2022-08-06 19:13:22,-33.0153,27.9116,63.45,78,100,8.86
210,Bredasdorp,ZA,2022-08-06 19:13:23,-34.5322,20.0403,56.55,76,100,18.21
211,Beringovskiy,RU,2022-08-06 19:13:23,63.05,179.3167,50.27,96,100,8.48
212,Dubai,AE,2022-08-06 19:09:44,25.2582,55.3047,100.33,30,0,3.44
213,Vardo,NO,2022-08-06 19:13:24,70.3705,31.1107,51.78,93,100,12.66
214,Broken Hill,AU,2022-08-06 19:13:24,-31.95,141.4333,41.7,85,0,9.24
215,Gasa,PS,2022-08-06 19:10:36,31.5,34.4667,82.89,72,0,5.75
216,Vilyuysk,RU,2022-08-06 19:13:25,63.7553,121.6247,51.96,94,100,1.61
217,Jawhar,SO,2022-08-06 19:13:25,2.7809,45.5005,73.18,77,92,16.06
218,Hami,CN,2022-08-06 19:13:26,42.8,93.45,87.62,15,45,15.08
219,Sorong,ID,2022-08-06 19:13:26,-0.8833,131.25,76.32,91,100,6.35
220,Voh,NC,2022-08-06 19:13:26,-20.9667,164.7,70.54,92,49,2.91
221,Lop Buri,TH,2022-08-06 19:13:27,14.7981,100.654,81.14,84,100,6.17
222,Upington,ZA,2022-08-06 19:13:27,-28.4478,21.2561,67.17,24,100,10.27
223,Cabras,IT,2022-08-06 19:13:27,39.93,8.5314,78.71,82,0,5.93
224,Gogrial,SS,2022-08-06 19:13:28,8.5332,28.1004,73.99,88,97,3.15
225,San Patricio,US,2022-08-06 19:13:28,28.017,-97.5169,93.09,41,94,14.9
226,Norman Wells,CA,2022-08-06 19:13:29,65.282,-126.8329,57.24,88,100,16.11
227,Korla,CN,2022-08-06 19:13:29,41.7597,86.1469,86.97,26,99,10.54
228,Yellowknife,CA,2022-08-06 19:12:17,62.456,-114.3525,64.56,63,100,15.01
229,Vila Do Maio,CV,2022-08-06 19:13:30,15.1333,-23.2167,81.39,88,100,7.58
230,Pierre,US,2022-08-06 19:09:45,44.3683,-100.351,79.86,44,0,17.27
231,Along,IN,2022-08-06 19:14:30,28.1667,94.7667,75.54,98,21,2.21
232,Geraldton,AU,2022-08-06 19:14:30,-28.7667,114.6,50.41,93,100,10.36
233,Grand Gaube,MU,2022-08-06 19:14:31,-20.0064,57.6608,70.2,78,9,1.01
234,Trapani,IT,2022-08-06 19:14:31,37.8333,12.6667,83.28,52,0,6.67
235,Seoul,KR,2022-08-06 19:14:32,37.5683,126.9778,80.04,91,5,2.95
236,Sao Filipe,CV,2022-08-06 19:14:32,14.8961,-24.4956,78.33,85,81,7.52
237,Shellbrook,CA,2022-08-06 19:14:33,53.2168,-106.4011,68.43,42,6,10.38
238,Deputatskiy,RU,2022-08-06 19:14:33,69.3,139.9,44.87,99,100,5.61
239,Sao Miguel Do Araguaia,BR,2022-08-06 19:12:15,-13.275,-50.1628,98.6,17,75,5.03
240,Amapa,BR,2022-08-06 19:14:34,1.0,-52.0,90.91,37,88,5.5
241,Namatanai,PG,2022-08-06 19:14:34,-3.6667,152.4333,77.72,83,88,4.99
242,Ca Mau,VN,2022-08-06 19:11:10,9.1769,105.15,76.62,89,100,8.23
243,Shimoda,JP,2022-08-06 19:14:34,34.6667,138.95,75.11,90,56,7.47
244,La Union,PE,2022-08-06 19:14:35,-5.4,-80.75,81.5,43,21,11.41
245,Bac Lieu,VN,2022-08-06 19:14:35,9.285,105.7244,77.63,84,100,13.47
246,Rosendal,NO,2022-08-06 19:14:36,59.9867,6.0135,56.52,79,100,1.68
247,Keti Bandar,PK,2022-08-06 19:14:36,24.1447,67.4497,82.09,88,100,11.21
248,Taoudenni,ML,2022-08-06 19:14:36,22.6783,-3.9836,108.88,9,7,16.11
249,Bayan,CN,2022-08-06 19:14:37,46.0833,127.4,69.94,90,100,6.11
250,Japura,ID,2022-08-06 19:14:37,-0.3167,102.35,73.65,97,85,2.17
251,Usinsk,RU,2022-08-06 19:14:38,65.9939,57.5281,66.83,67,6,10.63
252,Nishihara,JP,2022-08-06 19:14:38,26.1842,127.7558,81.68,79,0,4.61
253,Port Keats,AU,2022-08-06 19:14:38,-14.25,129.55,73.2,75,6,5.64
254,Camana,PE,2022-08-06 19:14:39,-16.6228,-72.7111,65.23,73,69,12.28
255,Ligayan,PH,2022-08-06 19:14:39,4.6533,119.4706,79.72,82,100,12.46
256,Fort Nelson,CA,2022-08-06 19:14:40,58.8053,-122.7002,76.59,33,20,17.27
257,San Cristobal,VE,2022-08-06 19:14:40,7.7669,-72.225,82.58,59,100,6.24
258,Kiruna,SE,2022-08-06 19:14:40,67.8557,20.2251,54.52,67,100,9.22
259,Xianyang,CN,2022-08-06 19:14:41,34.3378,108.7026,86.59,55,34,1.54
260,Serra Negra,BR,2022-08-06 19:14:41,-22.6122,-46.7006,79.86,34,100,5.21
261,Anloga,GH,2022-08-06 19:14:42,5.7947,0.8973,74.05,84,23,12.88
262,Aklavik,CA,2022-08-06 19:14:42,68.2191,-135.0107,59.0,82,100,5.75
263,Donskoye,RU,2022-08-06 19:14:43,45.4552,41.9741,73.53,52,8,7.99
264,Luderitz,NA,2022-08-06 19:14:43,-26.6481,15.1594,59.77,71,100,9.35
265,Hun,LY,2022-08-06 19:14:43,29.1268,15.9477,90.61,24,0,13.18
266,Luganville,VU,2022-08-06 19:14:44,-15.5333,167.1667,77.32,84,93,6.55
267,Snezhnogorsk,RU,2022-08-06 19:14:44,69.1933,33.2531,51.58,98,100,12.08
268,Havre-Saint-Pierre,CA,2022-08-06 19:14:45,50.2334,-63.5986,70.16,56,40,8.05
269,Yishui,CN,2022-08-06 19:14:45,35.7847,118.6281,77.79,94,100,4.7
270,Kushima,JP,2022-08-06 19:14:45,31.4583,131.2333,78.78,89,87,4.63
271,Saint-Georges,GD,2022-08-06 19:14:46,12.0564,-61.7485,83.3,70,21,7.58
272,Qaqortoq,GL,2022-08-06 19:14:46,60.7167,-46.0333,45.09,92,100,9.04
273,Viedma,AR,2022-08-06 19:14:47,-40.8135,-62.9967,48.99,58,100,11.88
274,Saldanha,ZA,2022-08-06 19:14:47,-33.0117,17.9442,56.05,83,0,11.14
275,Karratha,AU,2022-08-06 19:14:47,-20.7377,116.8463,63.34,50,1,9.91
276,Pisco,PE,2022-08-06 19:14:48,-13.7,-76.2167,65.01,72,20,9.22
277,Itarema,BR,2022-08-06 19:15:48,-2.9248,-39.9167,82.6,64,5,16.93
278,Kalmunai,LK,2022-08-06 19:15:49,7.4167,81.8167,80.89,63,100,5.82
279,Lata,PT,2022-08-06 19:15:49,40.1629,-8.3327,68.81,66,0,5.57
280,Honiara,SB,2022-08-06 19:15:49,-9.4333,159.95,75.94,86,13,4.32
281,Sao Felix Do Xingu,BR,2022-08-06 19:15:50,-6.6447,-51.995,79.56,75,98,3.6
282,Ust-Maya,RU,2022-08-06 19:15:50,60.4167,134.5333,58.14,86,100,15.35
283,Lewiston,US,2022-08-06 19:15:51,44.1003,-70.2148,93.33,61,40,4.61
284,Constitucion,CL,2022-08-06 19:15:51,-35.3333,-72.4167,52.25,96,100,9.84
285,Duku,NG,2022-08-06 19:15:51,11.2361,4.9073,77.81,74,41,4.47
286,Kidal,ML,2022-08-06 19:15:52,18.4411,1.4078,87.66,42,86,27.56
287,Saskylakh,RU,2022-08-06 19:15:52,71.9167,114.0833,43.63,73,100,7.38
288,Oktyabrskiy,RU,2022-08-06 19:15:53,54.4815,53.471,65.41,61,5,3.38
289,Samarai,PG,2022-08-06 19:15:53,-10.6167,150.6667,79.09,86,19,11.07
290,Bethel,US,2022-08-06 19:15:54,41.3712,-73.414,92.19,57,20,11.5
291,Kulhudhuffushi,MV,2022-08-06 19:15:54,6.6221,73.07,80.31,83,100,18.21
292,Caravelas,BR,2022-08-06 19:15:55,-17.7125,-39.2481,76.95,68,5,6.29
293,Derzhavinsk,KZ,2022-08-06 19:15:55,51.1,66.3167,69.39,50,31,10.18
294,Osa,RU,2022-08-06 19:15:56,57.2829,55.4567,70.92,62,99,1.86
295,Hamilton,US,2022-08-06 19:15:17,39.1834,-84.5333,88.25,79,75,5.75
296,Bilma,NE,2022-08-06 19:15:56,18.6853,12.9164,99.61,20,100,10.4
297,Tromso,NO,2022-08-06 19:15:56,69.6496,18.957,55.42,71,75,5.75
298,Nyakabindi,TZ,2022-08-06 19:15:57,-2.6333,33.9833,72.9,38,54,4.45
299,Ampanihy,MG,2022-08-06 19:15:57,-24.7,44.75,61.39,92,0,5.39
300,Agudos,BR,2022-08-06 19:15:57,-22.4692,-48.9875,80.85,43,0,8.05
301,Hwange,ZW,2022-08-06 19:15:58,-18.3693,26.5019,70.2,37,0,0.96
302,Tortoli,IT,2022-08-06 19:15:58,39.9256,9.6572,82.22,78,20,8.05
303,Vitim,RU,2022-08-06 19:15:59,59.4511,112.5578,50.14,94,100,7.63
304,Yambio,SS,2022-08-06 19:15:59,4.5721,28.3955,68.92,94,99,2.71
305,Pushkinskiye Gory,RU,2022-08-06 19:16:00,57.0209,28.9103,54.25,97,100,3.58
306,Piacabucu,BR,2022-08-06 19:16:00,-10.4056,-36.4344,77.56,73,28,10.56
307,Gimli,CA,2022-08-06 19:16:01,50.6336,-96.9907,63.84,54,100,14.29
308,Naze,JP,2022-08-06 19:16:01,28.3667,129.4833,77.92,82,6,4.92
309,Kaputa,ZM,2022-08-06 19:16:01,-8.4689,29.6619,72.97,44,5,3.22
310,Mount Isa,AU,2022-08-06 19:16:02,-20.7333,139.5,62.37,29,75,12.66
311,Shaoguan,CN,2022-08-06 19:16:03,24.8,113.5833,75.18,94,54,1.32
312,Harindanga,IN,2022-08-06 19:16:03,22.0383,88.3214,81.75,86,42,10.38
313,Martapura,ID,2022-08-06 19:16:03,-3.4167,114.85,71.69,100,40,0.0
314,Matay,EG,2022-08-06 19:16:04,28.419,30.7792,88.65,25,6,8.43
315,Nayoro,JP,2022-08-06 19:16:04,44.3506,142.4578,63.27,93,100,2.33
316,Yulara,AU,2022-08-06 19:16:05,-25.2406,130.9889,47.05,47,0,9.1
317,Komsomolskiy,UZ,2022-08-06 19:16:05,40.4272,71.7189,79.99,27,0,5.01
318,Rizhao,CN,2022-08-06 19:16:06,35.4275,119.4553,82.08,86,100,6.13
319,Lorengau,PG,2022-08-06 19:16:06,-2.0226,147.2712,79.02,79,49,3.83
320,Te Anau,NZ,2022-08-06 19:16:07,-45.4167,167.7167,39.61,97,100,6.42
321,Cuxhaven,DE,2022-08-06 19:17:07,53.8718,8.6909,62.8,59,20,6.91
322,Santander,ES,2022-08-06 19:13:40,43.4647,-3.8044,74.71,84,75,6.91
323,Pemba,MZ,2022-08-06 19:17:08,-12.974,40.5178,74.1,88,20,5.75
324,Cavalcante,BR,2022-08-06 19:17:08,-13.7975,-47.4583,88.59,17,98,6.58
325,Dekar,BW,2022-08-06 19:17:09,-21.5333,21.9333,66.2,24,6,7.07
326,Xiuyan,CN,2022-08-06 19:17:09,40.2928,123.2744,73.78,97,38,2.68
327,Nahavand,IR,2022-08-06 19:17:10,34.1885,48.377,83.21,31,4,5.82
328,Margate,GB,2022-08-06 19:17:10,51.3813,1.3862,67.3,65,56,1.99
329,Iqaluit,CA,2022-08-06 19:17:11,63.7506,-68.5145,56.93,51,75,11.5
330,Manzil Salim,TN,2022-08-06 19:17:11,35.8567,8.4765,81.95,36,0,13.94
331,Paris,FR,2022-08-06 19:16:59,48.8534,2.3488,72.14,37,0,14.97
332,Tuatapere,NZ,2022-08-06 19:17:12,-46.1333,167.6833,38.5,98,100,8.16
333,Mayo,US,2022-08-06 19:17:12,38.8876,-76.5119,91.08,76,0,9.22
334,Hastings,GB,2022-08-06 19:17:12,50.8552,0.5729,67.98,64,15,5.73
335,Udachnyy,RU,2022-08-06 19:17:13,66.4167,112.4,46.45,100,100,11.88
336,Batemans Bay,AU,2022-08-06 19:17:13,-35.7167,150.1833,50.09,80,8,4.23
337,Svetlaya,RU,2022-08-06 19:17:14,46.5389,138.3297,65.89,99,91,2.19
338,Hualmay,PE,2022-08-06 19:17:14,-11.0964,-77.6139,66.7,72,33,11.92
339,Kargalinskaya,RU,2022-08-06 19:17:15,43.7417,46.4792,71.15,72,99,8.05
340,Alice Springs,AU,2022-08-06 19:17:15,-23.7,133.8833,35.15,64,0,4.61
341,Muros,ES,2022-08-06 19:17:16,42.7762,-9.0603,83.68,74,0,3.96
342,Severo-Yeniseyskiy,RU,2022-08-06 19:17:16,60.3725,93.0408,48.06,89,100,3.2
343,Luanda,AO,2022-08-06 19:17:17,-8.8368,13.2343,68.0,83,20,6.91
344,Palmas,BR,2022-08-06 19:17:17,-10.2128,-48.3603,93.07,43,40,8.05
345,Chambishi,ZM,2022-08-06 19:17:18,-12.6325,28.0537,63.93,39,0,7.72
346,Carauari,BR,2022-08-06 19:17:18,-4.8828,-66.8958,89.33,53,100,1.14
347,Purpe,RU,2022-08-06 19:17:18,64.4803,76.6897,57.13,80,0,11.36
348,Meulaboh,ID,2022-08-06 19:17:19,4.1363,96.1285,78.57,79,100,3.06
349,Manado,ID,2022-08-06 19:17:19,1.487,124.8455,75.97,94,40,1.14
350,Maceio,BR,2022-08-06 19:17:20,-9.6658,-35.7353,83.64,57,0,11.5
351,Tigil,RU,2022-08-06 19:17:20,57.8,158.6667,51.73,89,10,2.59
352,Mocuba,MZ,2022-08-06 19:17:21,-16.8392,36.9856,64.35,93,0,3.11
353,Amahai,ID,2022-08-06 19:17:21,-3.3333,128.9167,76.14,89,99,2.24
354,Nioro,GM,2022-08-06 19:17:22,13.35,-15.75,79.97,84,100,5.26
355,Iralaya,HN,2022-08-06 19:17:22,15.0,-83.2333,82.02,82,100,13.06
356,Marawi,PH,2022-08-06 19:17:23,7.9986,124.2928,68.68,96,100,3.51
357,Yarada,IN,2022-08-06 19:17:23,17.65,83.2667,79.12,94,75,2.3
358,Kemijarvi,FI,2022-08-06 19:17:24,66.7131,27.4306,58.17,92,100,10.6
359,Portland,US,2022-08-06 19:13:24,45.5234,-122.6762,84.87,49,0,10.36
360,Suba,PH,2022-08-06 19:17:24,10.8438,121.0102,79.93,84,100,16.75
361,Shiraoi,JP,2022-08-06 19:17:25,42.55,141.35,67.21,96,96,10.16
362,La Ronge,CA,2022-08-06 19:17:25,55.1001,-105.2842,71.85,40,20,12.66
363,Scarborough,GB,2022-08-06 19:15:30,54.2797,-0.4044,63.97,66,100,3.0
364,Vila Franca Do Campo,PT,2022-08-06 19:17:14,37.7167,-25.4333,73.81,76,13,7.47
365,Gigmoto,PH,2022-08-06 19:17:26,13.7796,124.39,78.21,90,100,10.6
366,Ancud,CL,2022-08-06 19:17:26,-41.8697,-73.8203,47.23,61,100,9.28
367,Longyearbyen,SJ,2022-08-06 19:17:27,78.2186,15.6401,49.84,81,75,8.05
368,Nago,JP,2022-08-06 19:18:27,26.5881,127.9761,81.45,79,7,3.2
369,Manggar,ID,2022-08-06 19:18:28,-2.8833,108.2667,79.0,81,100,6.73
370,Guangyuan,CN,2022-08-06 19:18:28,32.442,105.823,77.83,90,16,1.21
371,Hovd,MN,2022-08-06 19:18:28,48.0056,91.6419,59.76,38,12,2.71
372,Bongor,TD,2022-08-06 19:18:29,10.2806,15.3722,81.84,63,100,1.81
373,Manaus,BR,2022-08-06 19:13:51,-3.1019,-60.025,93.7,52,40,5.75
374,Tarauaca,BR,2022-08-06 19:18:29,-8.1614,-70.7656,90.21,49,76,2.01
375,Port-Gentil,GA,2022-08-06 19:18:30,-0.7193,8.7815,75.16,78,100,12.66
376,Manicore,BR,2022-08-06 19:18:30,-5.8092,-61.3003,94.95,49,0,5.75
377,Visby,SE,2022-08-06 19:17:31,57.6409,18.296,64.81,55,75,6.91
378,Camacha,PT,2022-08-06 19:18:31,33.0833,-16.3333,69.22,68,40,11.5
379,Sungaipenuh,ID,2022-08-06 19:18:31,-2.0833,101.3833,62.1,97,19,1.88
380,Shancheng,CN,2022-08-06 19:18:32,34.7953,116.0817,81.36,84,100,7.29
381,Bhuj,IN,2022-08-06 19:15:29,23.2667,69.6667,82.56,79,42,9.98
382,Izmalkovo,RU,2022-08-06 19:18:33,52.6887,37.964,71.01,56,0,4.18
383,Ishigaki,JP,2022-08-06 19:18:33,24.3448,124.1572,84.33,84,75,8.05
384,Nigel,ZA,2022-08-06 19:18:33,-26.4314,28.4771,58.39,23,75,4.54
385,Linxia,CN,2022-08-06 19:18:34,35.6003,103.2064,70.93,71,52,4.18
386,Codrington,AU,2022-08-06 19:18:34,-38.2667,141.9667,48.99,75,99,5.59
387,Paragominas,BR,2022-08-06 19:18:35,-2.9667,-47.4833,93.52,34,100,6.13
388,Colares,PT,2022-08-06 19:18:35,38.7992,-9.4469,73.45,69,20,11.99
389,Kamenka,RU,2022-08-06 19:18:35,51.3223,42.7678,71.15,38,0,8.37
390,Marshall,US,2022-08-06 19:18:36,34.3834,-86.3333,94.98,47,48,6.26
391,Hellvik,NO,2022-08-06 19:18:36,59.9156,5.781,56.77,79,100,5.01
392,Tura,IN,2022-08-06 19:18:37,25.5198,90.2201,74.35,97,13,2.68
393,Wazirganj,IN,2022-08-06 19:18:37,28.2167,79.05,90.46,57,100,2.04
394,Warri,NG,2022-08-06 19:18:37,5.5167,5.75,75.76,82,60,6.4
395,Edea,CM,2022-08-06 19:18:38,3.8,10.1333,72.79,98,49,2.04
396,Tessalit,ML,2022-08-06 19:18:38,20.1986,1.0114,99.9,20,53,10.71
397,Cheremukhovo,RU,2022-08-06 19:18:39,60.3484,59.9851,67.14,66,68,4.03
398,Bourail,NC,2022-08-06 19:18:39,-21.5667,165.4833,71.1,91,90,2.8
399,Pingliang,CN,2022-08-06 19:18:40,35.5392,106.6861,73.72,68,54,4.03
400,Agadez,NE,2022-08-06 19:18:40,19.75,10.25,99.14,12,98,10.65
401,Xichang,CN,2022-08-06 19:18:41,27.8964,102.2634,65.62,91,45,1.77
402,Tasiilaq,GL,2022-08-06 19:18:41,65.6145,-37.6368,42.96,87,100,18.07
403,Batticaloa,LK,2022-08-06 19:18:41,7.7102,81.6924,81.82,59,100,8.3
404,Taltal,CL,2022-08-06 19:18:42,-25.4,-70.4833,61.09,62,8,5.95
405,Isla Mujeres,MX,2022-08-06 19:18:42,21.2311,-86.731,87.85,75,15,12.19
406,Warrnambool,AU,2022-08-06 19:18:43,-38.3833,142.4833,47.86,71,33,4.54
407,Nargana,PA,2022-08-06 19:18:43,9.4428,-78.5906,81.19,79,99,3.4
408,Kwinana,AU,2022-08-06 19:18:43,-32.25,115.7667,55.18,80,28,20.42
409,Calbuco,CL,2022-08-06 19:18:03,-41.768,-73.1273,52.81,61,100,6.89
410,Mayumba,GA,2022-08-06 19:18:44,-3.432,10.6554,68.11,87,16,7.27
411,Buala,SB,2022-08-06 19:18:44,-8.145,159.5921,79.03,83,74,5.17
412,Rawson,AR,2022-08-06 19:18:45,-43.3002,-65.1023,45.48,69,100,12.33
413,Teguise,ES,2022-08-06 19:18:45,29.0605,-13.564,71.82,73,20,23.02
414,Samandag,TR,2022-08-06 19:18:45,36.0842,35.9771,81.12,86,20,7.45
415,College,US,2022-08-06 19:18:46,64.8569,-147.8028,53.55,89,100,12.66
416,Ilulissat,GL,2022-08-06 19:19:46,69.2167,-51.1,44.62,87,75,4.61
417,Yar-Sale,RU,2022-08-06 19:19:46,66.8333,70.8333,56.46,81,100,3.47
418,Morehead,US,2022-08-06 19:19:47,37.2711,-87.1764,90.79,67,75,3.44
419,Sudak,UA,2022-08-06 19:19:47,44.85,34.9667,75.9,68,0,8.95
420,Karasjok,NO,2022-08-06 19:19:47,69.4719,25.5112,50.56,90,100,7.47
421,Antofagasta,CL,2022-08-06 19:19:48,-23.65,-70.4,60.08,66,0,10.69
422,Road Town,VG,2022-08-06 19:19:49,18.4167,-64.6167,87.89,79,40,9.22
423,Brunsbuttel,DE,2022-08-06 19:19:49,53.9,9.15,62.83,68,9,6.35
424,Tulum,MX,2022-08-06 19:19:50,20.2167,-87.4667,86.61,65,97,8.39
425,Conde,BR,2022-08-06 19:19:50,-7.2597,-34.9075,76.46,83,75,14.97
426,Huilong,CN,2022-08-06 19:19:51,31.8111,121.655,83.93,81,0,7.49
427,Aden,YE,2022-08-06 19:19:51,12.7794,45.0367,88.45,66,5,16.69
428,Kasongo,CD,2022-08-06 19:19:51,-4.45,26.6667,84.2,33,85,3.06
429,Shenzhen,CN,2022-08-06 19:19:52,22.5455,114.0683,83.21,94,13,4.76
430,Westport,US,2022-08-06 19:16:27,41.1415,-73.3579,93.45,63,0,11.5
431,Ardakan,IR,2022-08-06 19:19:52,32.31,54.0175,91.74,15,0,6.64
432,Boone,US,2022-08-06 19:19:53,39.0334,-92.3335,98.4,47,94,11.3
433,Mae Sai,TH,2022-08-06 19:19:54,20.4335,99.8762,73.72,100,100,0.81
434,Chokurdakh,RU,2022-08-06 19:19:54,70.6333,147.9167,36.91,83,100,9.19
435,Kununurra,AU,2022-08-06 19:19:55,-15.7667,128.7333,62.58,77,0,0.0
436,Port Blair,IN,2022-08-06 19:15:26,11.6667,92.75,82.44,83,100,12.66
437,Juneau,US,2022-08-06 19:19:15,58.3019,-134.4197,58.21,97,100,10.36
438,Kultuk,RU,2022-08-06 19:19:55,51.7208,103.6956,51.22,86,76,4.14
439,Sinnamary,GF,2022-08-06 19:19:56,5.3833,-52.95,84.56,69,64,11.72
440,Valdivia,CL,2022-08-06 19:16:57,-39.8142,-73.2459,48.29,98,100,3.38
441,Lakewood,US,2022-08-06 19:17:40,39.7047,-105.0814,92.01,38,15,5.99
442,Vagur,FO,2022-08-06 19:19:56,61.4732,-6.8119,52.16,98,100,13.78
443,Stornoway,GB,2022-08-06 19:15:40,58.2093,-6.3865,57.16,94,75,14.97
444,Kananga,CD,2022-08-06 19:19:57,-5.8958,22.4178,79.09,27,15,4.54
445,Porlamar,VE,2022-08-06 19:19:57,10.958,-63.8491,77.09,88,2,14.97
446,Saint-Joseph,RE,2022-08-06 19:19:58,-21.3667,55.6167,66.58,75,45,4.74
447,Bambari,CF,2022-08-06 19:19:58,5.768,20.6757,73.33,93,76,2.77
448,Shatrovo,RU,2022-08-06 19:19:59,56.5167,64.6333,64.26,75,41,7.4
449,Ust-Ordynskiy,RU,2022-08-06 19:19:59,52.805,104.7508,46.13,91,100,2.77
450,Homer,US,2022-08-06 19:20:00,59.6425,-151.5483,57.09,73,0,11.01
451,Petropavlovsk-Kamchatskiy,RU,2022-08-06 19:20:00,53.0452,158.6483,54.19,94,100,4.47
452,Sandy Bay,AU,2022-08-06 19:20:01,-42.913,147.3532,40.89,90,100,6.91
453,Zyryanka,RU,2022-08-06 19:20:01,65.75,150.85,55.87,81,100,11.23
454,Araouane,ML,2022-08-06 19:20:02,18.9048,-3.5265,101.43,23,85,2.77
455,Koulamoutou,GA,2022-08-06 19:20:02,-1.1303,12.4736,81.03,55,100,2.28
456,Evensk,RU,2022-08-06 19:20:03,61.95,159.2333,50.45,97,100,8.88
457,Surt,LY,2022-08-06 19:20:04,31.2089,16.5887,81.75,68,0,5.7
458,Lebu,CL,2022-08-06 19:17:35,-37.6167,-73.65,50.49,92,100,3.56
459,Weligama,LK,2022-08-06 19:20:04,5.9667,80.4167,76.55,91,100,8.66
460,Gaomi,CN,2022-08-06 19:20:05,36.3833,119.7528,80.35,92,100,5.17
461,Traralgon,AU,2022-08-06 19:20:05,-38.1833,146.5333,46.02,99,99,2.24
462,Jumla,NP,2022-08-06 19:21:05,29.2747,82.1838,62.85,96,100,2.53
463,Keflavik,IS,2022-08-06 19:21:06,64.0049,-22.5624,53.51,100,100,11.5
464,Vostok,RU,2022-08-06 19:21:06,46.4856,135.8833,60.53,97,2,4.29
465,Nata,PA,2022-08-06 19:21:07,8.3333,-80.5167,73.27,76,100,5.06
466,Alexander City,US,2022-08-06 19:21:07,32.944,-85.9539,91.18,49,0,3.44
467,Newark,US,2022-08-06 19:18:29,40.7357,-74.1724,95.29,49,75,16.11
468,Nanchong,CN,2022-08-06 19:21:08,30.7951,106.0847,83.77,73,100,1.7
469,Maswa,TZ,2022-08-06 19:21:08,-2.6833,33.9833,72.68,38,48,5.06
470,Ta Khmau,KH,2022-08-06 19:21:09,11.4833,104.95,82.45,69,40,9.22
471,Texarkana,US,2022-08-06 19:19:27,33.4251,-94.0477,96.15,56,75,11.5
472,Guerrero Negro,MX,2022-08-06 19:21:09,27.9769,-114.0611,78.35,68,100,13.4
473,Golub-Dobrzyn,PL,2022-08-06 19:21:10,53.1109,19.0538,62.53,46,51,9.4
474,Barcelos,PT,2022-08-06 19:19:05,41.5388,-8.6151,78.91,71,7,2.89
475,Pangai,TO,2022-08-06 19:21:10,-19.8,-174.35,76.91,83,10,16.93
476,Ewa Beach,US,2022-08-06 19:21:00,21.3156,-158.0072,85.01,67,0,6.91
477,Bandarbeyla,SO,2022-08-06 19:21:11,9.4942,50.8122,76.64,83,80,32.19
478,Conceicao Do Araguaia,BR,2022-08-06 19:19:23,-8.2578,-49.2647,97.41,27,6,4.76
479,Qurayyat,SA,2022-08-06 19:21:11,31.3318,37.3428,91.58,29,0,11.5
480,Leningradskiy,RU,2022-08-06 19:21:11,69.3833,178.4167,38.12,89,100,2.3
481,Laguna,US,2022-08-06 19:21:12,38.421,-121.4238,86.31,48,0,10.36
482,Vredendal,ZA,2022-08-06 19:21:12,-31.6683,18.5012,62.44,43,0,4.38
483,Novikovo,RU,2022-08-06 19:21:12,51.1537,37.8879,71.6,48,0,7.9
484,Coquimbo,CL,2022-08-06 19:21:13,-29.9533,-71.3436,56.93,82,75,6.91
485,Bereda,ES,2022-08-06 19:21:13,43.2686,-7.5406,68.41,100,26,7.31
486,Honningsvag,NO,2022-08-06 19:21:13,70.9821,25.9704,58.75,55,100,2.3
487,Valdez,EC,2022-08-06 19:21:14,1.2492,-78.9831,78.01,80,39,9.48
488,Mitu,CO,2022-08-06 19:21:14,1.1983,-70.1733,85.05,64,54,1.34
489,Aykhal,RU,2022-08-06 19:21:15,66.0,111.5,45.93,98,100,10.07
490,Santa Marinella,IT,2022-08-06 19:21:15,42.0345,11.8536,87.55,59,6,10.56
491,Torrington,US,2022-08-06 19:21:16,41.8007,-73.1212,94.55,60,95,3.0
492,Bangil,ID,2022-08-06 19:21:16,-7.5994,112.8186,76.98,77,98,4.72
493,Vigrestad,NO,2022-08-06 19:21:16,58.5667,5.7,55.58,74,100,12.71
494,Launceston,AU,2022-08-06 19:21:17,-41.45,147.1667,41.61,88,75,8.05
495,Naron,ES,2022-08-06 19:21:17,43.5167,-8.1528,79.65,79,0,16.62
496,Praia Da Vitoria,PT,2022-08-06 19:21:17,38.7333,-27.0667,79.05,73,40,12.64
497,Vuktyl,RU,2022-08-06 19:21:18,63.8567,57.3094,68.22,66,8,4.12
498,Lere,NG,2022-08-06 19:21:18,10.387,8.5726,71.26,86,26,3.56
499,Jieshi,CN,2022-08-06 19:21:19,22.8134,115.8257,81.91,86,84,7.67
500,Sechenovo,RU,2022-08-06 19:21:19,55.2244,45.8906,71.17,55,92,4.12
501,Kisangani,CD,2022-08-06 19:21:20,0.5167,25.2,68.97,97,100,2.51
502,Acapulco,MX,2022-08-06 19:21:20,16.8634,-99.8901,87.62,66,75,5.75
503,Ibra,OM,2022-08-06 19:21:21,22.6906,58.5334,88.52,48,26,7.43
504,Hirara,JP,2022-08-06 19:21:21,24.8,125.2833,84.83,71,1,12.12
505,Cabedelo,BR,2022-08-06 19:21:22,-6.9811,-34.8339,77.67,79,11,14.05
506,Rio Gallegos,AR,2022-08-06 19:21:22,-51.6226,-69.2181,37.45,93,75,3.44
507,Yarmouth,US,2022-08-06 19:16:25,41.7057,-70.2286,91.87,73,0,16.11
508,Kaeo,NZ,2022-08-06 19:21:23,-35.1,173.7833,58.32,95,100,8.9
509,Khandbari,NP,2022-08-06 19:22:24,27.3747,87.2039,73.83,94,95,0.98
510,Alta Floresta,BR,2022-08-06 19:22:24,-9.8756,-56.0861,96.62,34,40,4.61
511,Suez,EG,2022-08-06 19:22:24,29.9737,32.5263,81.27,58,0,12.59
512,Denpasar,ID,2022-08-06 19:21:56,-8.65,115.2167,74.86,100,75,4.61
513,Charters Towers,AU,2022-08-06 19:22:25,-20.1,146.2667,65.89,64,100,10.65
514,Kotri,PK,2022-08-06 19:22:25,25.366,68.3122,86.02,70,56,6.73
515,Carnduff,CA,2022-08-06 19:22:26,49.1667,-101.8009,61.38,43,100,7.18
516,Lavrentiya,RU,2022-08-06 19:22:26,65.5833,-171.0,44.17,83,32,5.37
517,Del Rio,US,2022-08-06 19:22:26,29.3627,-100.8968,95.11,35,75,14.97
518,Onega,RU,2022-08-06 19:22:27,63.9061,38.1404,71.94,68,1,12.68
519,Yeppoon,AU,2022-08-06 19:22:27,-23.1333,150.7333,60.58,92,16,4.81
520,Ponta Delgada,PT,2022-08-06 19:22:27,37.7333,-25.6667,74.12,88,75,9.22
521,Wanaka,NZ,2022-08-06 19:22:28,-44.7,169.15,47.1,83,100,3.0
522,Bara,NG,2022-08-06 19:22:12,10.3744,10.7288,79.11,69,100,3.24
523,Bonavista,CA,2022-08-06 19:22:28,48.6499,-53.1147,64.47,67,100,9.69
524,Sabha,LY,2022-08-06 19:22:29,27.0377,14.4283,94.6,16,0,22.1
525,Linkou,CN,2022-08-06 19:22:29,45.3,130.2833,66.83,85,100,3.56
526,Verkhnevilyuysk,RU,2022-08-06 19:22:30,63.4453,120.3167,48.81,93,94,3.2
527,Sistranda,NO,2022-08-06 19:22:30,63.7256,8.834,51.76,79,100,25.61
528,Hefei,CN,2022-08-06 19:22:30,31.8639,117.2808,84.22,79,0,6.71
529,Feijo,BR,2022-08-06 19:22:31,-8.1642,-70.3536,89.04,52,52,0.72
530,Buritizeiro,BR,2022-08-06 19:22:31,-17.3511,-44.9622,92.19,14,0,4.54
531,Sadiqabad,PK,2022-08-06 19:22:32,28.3062,70.1307,88.99,60,89,6.46
532,Inta,RU,2022-08-06 19:22:32,66.0317,60.1659,63.91,71,17,8.39
533,Kaseda,JP,2022-08-06 19:22:33,31.4167,130.3167,80.8,85,93,5.82
534,Cockburn Town,TC,2022-08-06 19:18:26,21.4612,-71.1419,82.15,79,97,18.81
535,Mponela,MW,2022-08-06 19:22:33,-13.5319,33.7401,62.44,41,0,5.39
536,Knysna,ZA,2022-08-06 19:22:33,-34.0363,23.0471,58.1,90,100,10.69
537,Holme,DK,2022-08-06 19:22:34,56.1138,10.1725,60.37,72,5,11.52
538,Boden,SE,2022-08-06 19:22:34,65.8252,21.6886,51.8,90,100,3.76
539,Mount Darwin,ZW,2022-08-06 19:22:34,-16.7725,31.5838,60.85,36,0,2.95
540,Kysyl-Syr,RU,2022-08-06 19:22:35,63.8986,122.7617,51.82,98,100,2.19
541,Mafinga,TZ,2022-08-06 19:22:35,-7.25,35.0667,66.88,47,16,7.14
542,Karoi,ZW,2022-08-06 19:22:35,-16.8099,29.6925,60.55,41,0,6.58
543,Sisimiut,GL,2022-08-06 19:22:36,66.9395,-53.6735,41.11,91,97,6.98
544,Gambela,ET,2022-08-06 19:22:36,8.25,34.5833,72.32,84,100,3.6
545,Atambua,ID,2022-08-06 19:22:37,-9.1061,124.8925,70.54,91,94,4.03
546,Novo Aripuana,BR,2022-08-06 19:22:37,-5.1206,-60.3797,95.58,36,97,3.76
547,Freeport,US,2022-08-06 19:22:37,40.6576,-73.5832,94.37,62,0,16.11
548,Umm Bab,QA,2022-08-06 19:22:38,25.2142,50.8072,96.93,49,5,13.58
549,El Colomo,MX,2022-08-06 19:22:38,19.05,-104.25,87.78,59,77,10.63
550,Merauke,ID,2022-08-06 19:22:38,-8.4667,140.3333,75.54,94,100,8.99
551,Koslan,RU,2022-08-06 19:22:39,63.4564,48.8989,67.05,70,0,5.57
552,Mecca,SA,2022-08-06 19:19:55,21.4267,39.8261,92.71,46,99,6.69
553,Imperia,IT,2022-08-06 19:22:39,43.9667,7.7833,77.85,53,13,6.15
554,Brokopondo,SR,2022-08-06 19:22:40,4.75,-55.1667,87.57,55,89,5.28
555,North Bend,US,2022-08-06 19:23:40,43.4065,-124.2243,81.25,85,0,8.05
556,Tabora,TZ,2022-08-06 19:23:40,-5.0167,32.8,69.08,35,93,4.09
557,Iskateley,RU,2022-08-06 19:23:41,67.6803,53.1512,69.31,70,0,8.52
558,Saint-Pierre,RE,2022-08-06 19:23:41,-21.3393,55.4781,69.91,65,75,6.91
559,Bilibino,RU,2022-08-06 19:23:41,68.0546,166.4372,49.17,64,80,5.88
560,Lasa,IT,2022-08-06 19:23:42,46.6166,10.7002,67.08,94,100,1.45
561,Aripuana,BR,2022-08-06 19:23:42,-9.1667,-60.6333,93.49,35,100,1.57
562,Roma,US,2022-08-06 19:23:43,43.2128,-75.4557,90.09,59,20,5.99
