City_ID,City,Country,Date,Lat,Lng,Max Temp,Humidity,Cloudiness,Wind Speed,Current Description
0,Almeirim,BR,2022-08-08 16:10:26,-1.5233,-52.5817,90.91,47,7,6.6,clear sky
1,Arraial Do Cabo,BR,2022-08-08 16:15:09,-22.9661,-42.0278,75.16,78,75,10.36,light rain
2,Bluff,NZ,2022-08-08 16:15:09,-46.6,168.3333,34.81,67,2,18.01,clear sky
3,Ushuaia,AR,2022-08-08 16:11:37,-54.8,-68.3,40.66,52,20,3.44,few clouds
4,Carman,CA,2022-08-08 16:15:10,49.4992,-98.0016,75.54,60,30,6.91,scattered clouds
5,Kapaa,US,2022-08-08 16:12:19,22.0752,-159.319,75.52,84,40,13.8,scattered clouds
6,Port Lincoln,AU,2022-08-08 16:15:10,-34.7333,135.8667,53.29,76,0,11.18,clear sky
7,Te Anau,NZ,2022-08-08 16:15:11,-45.4167,167.7167,20.52,97,81,1.72,broken clouds
8,Provideniya,RU,2022-08-08 16:15:11,64.3833,-173.3,36.21,77,92,10.83,overcast clouds
9,Langfang,CN,2022-08-08 16:11:33,39.5097,116.6947,72.19,70,100,5.12,overcast clouds
10,Cabo San Lucas,MX,2022-08-08 16:12:28,22.8909,-109.9124,86.61,74,100,10.36,overcast clouds
11,Chodavaram,IN,2022-08-08 16:15:12,17.8333,82.95,78.64,93,100,8.46,overcast clouds
12,Kavaratti,IN,2022-08-08 16:15:12,10.5669,72.642,80.71,83,100,20.62,overcast clouds
13,Jamestown,US,2022-08-08 16:13:07,42.097,-79.2353,77.02,72,100,12.66,light rain
14,Punta Arenas,CL,2022-08-08 16:12:27,-53.15,-70.9167,37.42,86,75,6.91,broken clouds
15,Mar Del Plata,AR,2022-08-08 16:11:04,-38.0023,-57.5575,53.62,79,40,5.99,scattered clouds
16,Georgetown,MY,2022-08-08 16:11:38,5.4112,100.3354,84.88,69,20,2.3,few clouds
17,Jiaojiang,CN,2022-08-08 16:15:13,28.6803,121.4428,79.61,90,10,7.94,clear sky
18,Dikson,RU,2022-08-08 16:15:13,73.5069,80.5464,42.64,97,100,19.64,overcast clouds
19,Mahebourg,MU,2022-08-08 16:15:13,-20.4081,57.7,70.09,78,40,5.75,scattered clouds
20,Hithadhoo,MV,2022-08-08 16:15:14,-0.6,73.0833,82.18,65,100,2.77,overcast clouds
21,Hobart,AU,2022-08-08 16:15:03,-42.8794,147.3294,37.06,89,2,5.75,clear sky
22,Porto Novo,BJ,2022-08-08 16:15:15,6.4965,2.6036,80.42,60,84,13.02,broken clouds
23,Butaritari,KI,2022-08-08 16:13:23,3.0707,172.7902,80.55,78,22,12.5,light rain
24,Port Alfred,ZA,2022-08-08 16:15:15,-33.5906,26.891,60.19,95,72,8.05,broken clouds
25,Fortuna,US,2022-08-08 16:15:16,40.5982,-124.1573,61.66,94,100,3.44,overcast clouds
26,Xichang,CN,2022-08-08 16:15:16,27.8964,102.2634,67.23,93,45,2.37,scattered clouds
27,Albany,US,2022-08-08 16:10:17,42.6001,-73.9662,91.27,67,53,4.12,broken clouds
28,Airai,TL,2022-08-08 16:15:17,-8.9266,125.4092,57.22,81,14,3.24,few clouds
29,Tocopilla,CL,2022-08-08 16:15:17,-22.092,-70.1979,64.18,64,3,6.6,clear sky
30,Coxim,BR,2022-08-08 16:15:18,-18.5067,-54.76,88.79,42,85,1.57,overcast clouds
31,Saskylakh,RU,2022-08-08 16:15:18,71.9167,114.0833,53.98,76,100,5.97,overcast clouds
32,Luwuk,ID,2022-08-08 16:15:18,-0.9516,122.7875,76.28,87,99,3.51,overcast clouds
33,Grindavik,IS,2022-08-08 16:15:19,63.8424,-22.4338,53.55,100,100,27.63,light intensity drizzle
34,Naryan-Mar,RU,2022-08-08 16:15:19,67.6713,53.087,61.59,53,61,13.73,broken clouds
35,Kaitangata,NZ,2022-08-08 16:15:19,-46.2817,169.8464,35.47,77,45,8.75,scattered clouds
36,Cape Town,ZA,2022-08-08 16:14:35,-33.9258,18.4232,60.12,76,0,5.75,clear sky
37,Oranjestad,AW,2022-08-08 16:15:20,12.524,-70.027,87.75,66,20,21.85,few clouds
38,Khatanga,RU,2022-08-08 16:15:20,71.9667,102.5,56.37,88,86,7.96,overcast clouds
39,Avarua,CK,2022-08-08 16:15:21,-21.2078,-159.775,71.65,73,40,6.91,scattered clouds
40,Vaini,TO,2022-08-08 16:15:21,-21.2,-175.2,75.36,94,20,6.91,few clouds
41,Lucapa,AO,2022-08-08 16:15:21,-8.4192,20.7447,87.28,14,5,3.65,clear sky
42,La Palma,US,2022-08-08 16:15:21,33.8464,-118.0467,85.96,76,40,8.05,scattered clouds
43,Conceicao Do Araguaia,BR,2022-08-08 16:15:22,-8.2578,-49.2647,101.35,17,53,7.76,broken clouds
44,Saint George,US,2022-08-08 16:15:22,37.1041,-113.5841,91.44,28,0,4.61,clear sky
45,Codrington,AU,2022-08-08 16:15:22,-38.2667,141.9667,46.04,72,100,5.84,overcast clouds
46,Belebey,RU,2022-08-08 16:15:23,54.1167,54.1167,70.93,73,100,3.33,overcast clouds
47,Macusani,PE,2022-08-08 16:12:13,-14.0833,-70.4333,39.51,83,96,9.4,overcast clouds
48,Hasaki,JP,2022-08-08 16:16:23,35.7333,140.8333,82.8,87,100,22.08,overcast clouds
49,Zawadzkie,PL,2022-08-08 16:16:24,50.605,18.4847,73.85,41,100,7.34,overcast clouds
50,Mount Gambier,AU,2022-08-08 16:16:24,-37.8333,140.7667,43.11,96,35,2.37,scattered clouds
51,Seymchan,RU,2022-08-08 16:16:24,62.8833,152.4333,60.87,61,43,7.18,scattered clouds
52,Chokurdakh,RU,2022-08-08 16:16:25,70.6333,147.9167,56.39,44,99,6.22,overcast clouds
53,Atuona,PF,2022-08-08 16:13:17,-9.8,-139.0333,76.64,73,9,13.29,clear sky
54,Nizhniy Baskunchak,RU,2022-08-08 16:16:25,48.2198,46.8311,89.47,17,44,8.01,scattered clouds
55,Mataura,NZ,2022-08-08 16:13:16,-46.1927,168.8643,34.48,79,2,7.0,clear sky
56,Mindelo,CV,2022-08-08 16:16:26,16.8901,-24.9804,81.95,65,75,5.75,broken clouds
57,Rikitea,PF,2022-08-08 16:16:26,-23.1203,-134.9692,72.25,80,100,28.21,moderate rain
58,Joacaba,BR,2022-08-08 16:16:26,-27.1781,-51.5047,68.97,69,82,3.11,broken clouds
59,Faanui,PF,2022-08-08 16:16:27,-16.4833,-151.75,76.59,61,76,18.59,broken clouds
60,Okato,NZ,2022-08-08 16:16:27,-39.2,173.8833,50.18,74,100,34.0,overcast clouds
61,Santa Isabel,BR,2022-08-08 16:16:27,-23.3156,-46.2214,69.1,58,100,8.21,moderate rain
62,Bambous Virieux,MU,2022-08-08 16:16:28,-20.3428,57.7575,70.05,78,40,5.75,scattered clouds
63,Longyearbyen,SJ,2022-08-08 16:16:28,78.2186,15.6401,49.84,71,40,12.66,scattered clouds
64,Lumby,CA,2022-08-08 16:16:28,50.2498,-118.969,74.05,53,0,1.14,clear sky
65,Thompson,CA,2022-08-08 16:16:29,55.7435,-97.8558,69.96,73,75,10.36,broken clouds
66,Roald,NO,2022-08-08 16:16:29,62.5833,6.1333,69.17,77,75,10.36,broken clouds
67,Yellowknife,CA,2022-08-08 16:13:49,62.456,-114.3525,59.52,82,75,12.66,broken clouds
68,Port Hardy,CA,2022-08-08 16:15:19,50.6996,-127.4199,59.18,82,75,4.61,broken clouds
69,Port Macquarie,AU,2022-08-08 16:16:30,-31.4333,152.9167,45.9,89,5,9.91,clear sky
70,Doha,QA,2022-08-08 16:12:20,25.2867,51.5333,100.71,68,0,9.22,clear sky
71,New Norfolk,AU,2022-08-08 16:16:30,-42.7826,147.0587,36.72,83,6,2.77,clear sky
72,Pochutla,MX,2022-08-08 16:16:31,15.7432,-96.4661,86.83,60,98,3.04,overcast clouds
73,Quang Ngai,VN,2022-08-08 16:16:31,15.1167,108.8,74.68,97,100,6.2,overcast clouds
74,Chuy,UY,2022-08-08 16:16:32,-33.6971,-53.4616,55.22,65,83,10.31,broken clouds
75,Salinas,US,2022-08-08 16:12:25,36.6777,-121.6555,68.83,68,0,6.91,clear sky
76,Bredasdorp,ZA,2022-08-08 16:16:32,-34.5322,20.0403,57.69,93,36,6.17,scattered clouds
77,Paamiut,GL,2022-08-08 16:12:17,61.994,-49.6678,42.19,90,67,18.12,broken clouds
78,Coihaique,CL,2022-08-08 16:16:07,-45.5752,-72.0662,41.61,70,75,6.91,broken clouds
79,Loandjili,CG,2022-08-08 16:16:32,-4.7561,11.8578,72.75,75,65,7.36,broken clouds
80,Alice Springs,AU,2022-08-08 16:16:33,-23.7,133.8833,44.22,49,0,5.75,clear sky
81,Udachnyy,RU,2022-08-08 16:16:33,66.4167,112.4,46.45,93,100,2.82,overcast clouds
82,Tiksi,RU,2022-08-08 16:16:33,71.6872,128.8694,51.35,95,100,7.09,overcast clouds
83,Mayo,US,2022-08-08 16:16:34,38.8876,-76.5119,93.2,75,40,13.8,scattered clouds
84,Necochea,AR,2022-08-08 16:16:34,-38.5473,-58.7368,47.08,69,100,1.92,overcast clouds
85,Salinopolis,BR,2022-08-08 16:16:34,-0.6136,-47.3561,85.39,63,22,13.11,few clouds
86,Chumikan,RU,2022-08-08 16:16:35,54.7183,135.315,53.2,96,99,4.27,overcast clouds
87,Nanortalik,GL,2022-08-08 16:16:35,60.1432,-45.2371,45.41,84,100,8.32,overcast clouds
88,Victoria,HK,2022-08-08 16:14:15,22.2855,114.1577,85.32,86,47,4.0,scattered clouds
89,Bengkulu,ID,2022-08-08 16:16:35,-3.8004,102.2655,76.6,89,17,7.18,few clouds
90,Otradnoye,RU,2022-08-08 16:16:36,59.7775,30.8181,59.95,94,100,1.63,overcast clouds
91,Buin,CL,2022-08-08 16:16:36,-33.7333,-70.75,57.43,40,0,2.66,clear sky
92,Bauchi,NG,2022-08-08 16:16:37,10.5,10.0,77.41,75,100,2.84,overcast clouds
93,Tasiilaq,GL,2022-08-08 16:17:37,65.6145,-37.6368,41.16,96,100,4.79,overcast clouds
94,Viedma,AR,2022-08-08 16:17:37,-40.8135,-62.9967,49.48,58,97,6.26,overcast clouds
95,Bullhead City,US,2022-08-08 16:12:58,35.1478,-114.5683,95.29,37,75,13.8,broken clouds
96,Busselton,AU,2022-08-08 16:17:38,-33.65,115.3333,47.32,90,85,6.02,light rain
97,Pingliang,CN,2022-08-08 16:17:38,35.5392,106.6861,78.04,66,93,4.9,overcast clouds
98,Inirida,CO,2022-08-08 16:17:38,3.8653,-67.9239,89.04,60,54,1.57,broken clouds
99,Klaksvik,FO,2022-08-08 16:17:39,62.2266,-6.589,54.52,78,49,15.01,scattered clouds
100,Peniche,PT,2022-08-08 16:17:39,39.3558,-9.3811,78.08,79,1,8.12,clear sky
101,Saint-Georges,GD,2022-08-08 16:17:24,12.0564,-61.7485,87.48,66,20,19.57,few clouds
102,Esperance,AU,2022-08-08 16:17:40,-33.8667,121.9,55.0,73,89,13.96,overcast clouds
103,Oyem,GA,2022-08-08 16:15:14,1.5995,11.5793,73.99,83,100,3.13,light rain
104,Qaanaaq,GL,2022-08-08 16:17:40,77.484,-69.3632,39.18,59,85,1.7,overcast clouds
105,Raudeberg,NO,2022-08-08 16:17:40,61.9875,5.1352,60.96,72,100,24.34,overcast clouds
106,Lorengau,PG,2022-08-08 16:17:41,-2.0226,147.2712,81.59,78,90,9.26,overcast clouds
107,Nyurba,RU,2022-08-08 16:17:43,63.2842,118.3319,52.88,94,93,3.67,overcast clouds
108,Dingle,PH,2022-08-08 16:17:44,10.9995,122.6711,74.84,90,100,2.57,overcast clouds
109,Rocha,UY,2022-08-08 16:17:44,-34.4833,-54.3333,55.09,60,100,9.98,overcast clouds
110,Ilulissat,GL,2022-08-08 16:17:44,69.2167,-51.1,44.62,93,100,3.44,overcast clouds
111,Hermanus,ZA,2022-08-08 16:17:45,-34.4187,19.2345,58.8,85,39,5.48,scattered clouds
112,Vestmanna,FO,2022-08-08 16:17:45,62.1564,-7.1664,52.72,94,75,9.22,broken clouds
113,Jerantut,MY,2022-08-08 16:17:45,3.936,102.3626,74.5,96,100,0.02,overcast clouds
114,Koregaon,IN,2022-08-08 16:17:46,18.65,74.0833,74.53,87,100,16.51,overcast clouds
115,Karasburg,NA,2022-08-08 16:17:46,-28.0167,18.75,64.36,18,59,14.25,broken clouds
116,Morondava,MG,2022-08-08 16:17:47,-20.2833,44.2833,74.12,78,0,9.78,clear sky
117,Yumen,CN,2022-08-08 16:17:47,40.2833,97.2,69.06,48,9,17.49,clear sky
118,Coffeyville,US,2022-08-08 16:17:47,37.0373,-95.6164,95.05,40,0,12.66,clear sky
119,Lebu,CL,2022-08-08 16:17:47,-37.6167,-73.65,50.23,73,21,7.52,few clouds
120,Barrow,US,2022-08-08 16:17:48,71.2906,-156.7887,37.81,79,29,12.53,scattered clouds
121,Fayaoue,NC,2022-08-08 16:17:48,-20.65,166.5333,74.8,73,1,13.51,clear sky
122,Lima,PE,2022-08-08 16:17:12,-12.0432,-77.0282,63.9,78,100,9.22,overcast clouds
123,Richards Bay,ZA,2022-08-08 16:17:49,-28.783,32.0377,66.27,79,95,14.09,light rain
124,Turukhansk,RU,2022-08-08 16:17:49,65.8167,87.9833,65.34,79,46,7.11,scattered clouds
125,Saint-Philippe,RE,2022-08-08 16:17:49,-21.3585,55.7679,69.39,78,42,8.81,scattered clouds
126,Totma,RU,2022-08-08 16:17:50,59.9747,42.7642,65.01,65,67,2.44,broken clouds
127,Presidencia Roque Saenz Pena,AR,2022-08-08 16:17:50,-26.7852,-60.4388,69.37,45,27,9.71,scattered clouds
128,Seoul,KR,2022-08-08 16:14:57,37.5683,126.9778,78.37,100,100,5.75,heavy intensity rain
129,Avera,US,2022-08-08 16:17:51,33.194,-82.5271,87.55,56,44,4.0,scattered clouds
130,Nikolskoye,RU,2022-08-08 16:17:51,59.7035,30.7861,59.79,95,100,2.15,overcast clouds
131,Bajil,YE,2022-08-08 16:17:51,15.0584,43.2851,84.11,75,99,4.05,overcast clouds
132,Husavik,IS,2022-08-08 16:17:52,66.0449,-17.3389,58.14,54,42,17.63,scattered clouds
133,Pevek,RU,2022-08-08 16:17:52,69.7008,170.3133,31.55,89,20,3.56,few clouds
134,Geraldton,AU,2022-08-08 16:17:53,-28.7667,114.6,59.41,63,40,16.11,scattered clouds
135,Marawi,PH,2022-08-08 16:18:53,7.9986,124.2928,68.68,92,100,1.79,light rain
136,Hobyo,SO,2022-08-08 16:18:53,5.3505,48.5268,76.98,77,86,27.56,overcast clouds
137,Labuhan,ID,2022-08-08 16:18:54,-6.8844,112.2051,77.95,80,77,4.18,broken clouds
138,Ponta Do Sol,PT,2022-08-08 16:18:54,32.6667,-17.1,81.72,66,2,4.21,clear sky
139,San Quintin,MX,2022-08-08 16:18:55,30.4833,-115.95,74.84,76,55,4.12,broken clouds
140,Camabatela,AO,2022-08-08 16:18:55,-8.1881,15.375,85.66,13,19,5.61,few clouds
141,Tarakan,ID,2022-08-08 16:18:55,3.3,117.6333,80.33,80,100,5.55,overcast clouds
142,Graham,US,2022-08-08 16:18:55,47.0529,-122.2943,76.17,68,0,1.99,clear sky
143,Severo-Kurilsk,RU,2022-08-08 16:18:56,50.6789,156.125,53.78,88,53,10.45,broken clouds
144,Pisco,PE,2022-08-08 16:18:56,-13.7,-76.2167,64.02,72,40,10.36,scattered clouds
145,Buchanan,LR,2022-08-08 16:18:57,5.8808,-10.0467,77.2,75,82,8.75,broken clouds
146,Jablah,SY,2022-08-08 16:18:57,35.3614,35.9256,84.49,54,20,6.91,few clouds
147,Komsomolskiy,UZ,2022-08-08 16:18:57,40.4272,71.7189,88.52,22,77,9.22,broken clouds
148,Veshkayma,RU,2022-08-08 16:18:58,54.05,47.1333,72.72,57,93,2.17,overcast clouds
149,Tuktoyaktuk,CA,2022-08-08 16:18:58,69.4541,-133.0374,55.4,76,75,16.11,broken clouds
150,San Patricio,US,2022-08-08 16:18:58,28.017,-97.5169,91.27,50,43,10.25,scattered clouds
151,Ribeira Grande,PT,2022-08-08 16:18:59,38.5167,-28.7,75.6,83,40,11.5,scattered clouds
152,Coquimbo,CL,2022-08-08 16:18:59,-29.9533,-71.3436,60.53,58,0,9.22,clear sky
153,Otjiwarongo,NA,2022-08-08 16:18:59,-20.4637,16.6477,80.15,11,3,2.71,clear sky
154,Eydhafushi,MV,2022-08-08 16:18:59,5.1033,73.0708,81.25,84,100,12.46,overcast clouds
155,Ancud,CL,2022-08-08 16:19:00,-41.8697,-73.8203,48.22,70,11,4.56,few clouds
156,Manokwari,ID,2022-08-08 16:19:00,-0.8667,134.0833,77.52,80,83,3.65,broken clouds
157,Rawson,AR,2022-08-08 16:19:01,-43.3002,-65.1023,43.34,85,100,12.71,overcast clouds
158,Pittsfield,US,2022-08-08 16:19:01,42.4501,-73.2454,90.05,65,20,5.75,few clouds
159,Port Elizabeth,ZA,2022-08-08 16:16:40,-33.918,25.5701,63.1,90,0,2.3,clear sky
160,Sembe,CG,2022-08-08 16:19:01,1.6481,14.5806,78.24,77,92,4.29,light rain
161,Lata,PT,2022-08-08 16:19:02,40.1629,-8.3327,83.48,48,0,11.34,clear sky
162,Wewak,PG,2022-08-08 16:19:02,-3.5534,143.6268,79.65,85,95,10.04,overcast clouds
163,Eyl,SO,2022-08-08 16:19:03,7.9803,49.8164,77.81,72,100,24.4,overcast clouds
164,San Cristobal,VE,2022-08-08 16:19:03,7.7669,-72.225,86.18,46,12,8.34,few clouds
165,Eghezee,BE,2022-08-08 16:19:03,50.5851,4.9028,78.82,51,10,10.8,clear sky
166,Sao Filipe,CV,2022-08-08 16:19:04,14.8961,-24.4956,79.86,83,94,7.02,light rain
167,Iskateley,RU,2022-08-08 16:19:04,67.6803,53.1512,61.45,53,63,13.56,broken clouds
168,Kimbe,PG,2022-08-08 16:19:05,-5.5502,150.1429,74.3,90,99,4.9,overcast clouds
169,Holland,US,2022-08-08 16:19:05,42.7875,-86.1089,79.56,89,100,3.0,overcast clouds
170,Lakefield,US,2022-08-08 16:19:06,43.6775,-95.1717,64.83,81,100,5.75,overcast clouds
171,Vardo,NO,2022-08-08 16:19:06,70.3705,31.1107,53.58,76,75,12.66,broken clouds
172,Kalakamati,BW,2022-08-08 16:19:06,-20.5929,27.3121,72.45,22,0,7.85,clear sky
173,Kirakira,SB,2022-08-08 16:19:07,-10.4544,161.9205,79.7,82,98,4.65,overcast clouds
174,Half Moon Bay,US,2022-08-08 16:15:17,37.4636,-122.4286,69.46,82,100,11.5,mist
175,Sola,VU,2022-08-08 16:19:07,-13.8833,167.55,80.06,71,2,2.53,clear sky
176,Silver City,US,2022-08-08 16:19:08,32.7701,-108.2803,78.76,48,100,9.22,overcast clouds
177,East Chicago,US,2022-08-08 16:19:08,41.6392,-87.4548,82.4,85,0,11.5,clear sky
178,San Luis,AR,2022-08-08 16:19:08,-33.295,-66.3356,38.34,96,100,6.38,overcast clouds
179,Lagoa,PT,2022-08-08 16:19:09,39.05,-27.9833,73.83,78,23,16.24,few clouds
180,East London,ZA,2022-08-08 16:19:09,-33.0153,27.9116,61.74,100,40,5.75,scattered clouds
181,Kavieng,PG,2022-08-08 16:20:09,-2.5744,150.7967,81.14,79,75,11.18,broken clouds
182,Padang,ID,2022-08-08 16:20:10,-0.9492,100.3543,77.49,83,26,3.67,scattered clouds
183,Puerto Ayora,EC,2022-08-08 16:20:10,-0.7393,-90.3518,75.16,85,90,8.01,overcast clouds
184,Bethel,US,2022-08-08 16:20:11,41.3712,-73.414,91.45,65,75,13.8,broken clouds
185,Lahijan,IR,2022-08-08 16:20:11,37.2061,50.0029,78.58,78,16,5.64,light rain
186,Tautira,PF,2022-08-08 16:20:11,-17.7333,-149.15,74.5,60,96,16.37,overcast clouds
187,Bolgatanga,GH,2022-08-08 16:20:12,10.7856,-0.8514,88.43,54,100,6.24,overcast clouds
188,Buala,SB,2022-08-08 16:20:12,-8.145,159.5921,77.88,86,100,6.29,light rain
189,Belmonte,BR,2022-08-08 16:20:12,-15.8631,-38.8828,79.07,57,8,10.45,clear sky
190,Bathsheba,BB,2022-08-08 16:20:13,13.2167,-59.5167,86.61,92,75,21.85,broken clouds
191,Suchil,MX,2022-08-08 16:20:13,23.6333,-103.9167,71.35,41,99,6.44,overcast clouds
192,La Ronge,CA,2022-08-08 16:15:23,55.1001,-105.2842,71.85,53,20,12.66,few clouds
193,Hilo,US,2022-08-08 16:20:14,19.7297,-155.09,75.27,92,100,0.0,mist
194,Amazar,RU,2022-08-08 16:20:14,53.858,120.875,53.11,77,100,7.2,overcast clouds
195,Carnarvon,AU,2022-08-08 16:20:14,-24.8667,113.6333,60.87,94,100,10.36,overcast clouds
196,Tieling,CN,2022-08-08 16:20:15,42.2931,123.8414,64.18,70,34,3.78,scattered clouds
197,Marzuq,YE,2022-08-08 16:20:15,14.4,46.4667,80.62,64,44,5.97,light rain
198,Taoudenni,ML,2022-08-08 16:20:15,22.6783,-3.9836,116.69,7,6,16.58,clear sky
199,Sompeta,IN,2022-08-08 16:20:16,18.9333,84.6,78.53,91,100,12.5,overcast clouds
200,Cherskiy,RU,2022-08-08 16:20:16,68.75,161.3,44.73,59,45,6.6,scattered clouds
201,Margate,GB,2022-08-08 16:17:33,51.3813,1.3862,71.87,66,6,1.01,clear sky
202,Nome,US,2022-08-08 16:20:17,64.5011,-165.4064,37.47,93,100,17.27,light rain
203,Ayan,RU,2022-08-08 16:20:17,56.45,138.1667,54.61,99,100,18.05,heavy intensity rain
204,Cidreira,BR,2022-08-08 16:20:18,-30.1811,-50.2056,59.13,90,100,9.84,overcast clouds
205,Kropotkin,RU,2022-08-08 16:20:18,45.4375,40.5756,86.72,22,1,10.38,clear sky
206,Saint-Joseph,RE,2022-08-08 16:20:18,-21.3667,55.6167,68.38,78,21,9.13,few clouds
207,Serafimovich,RU,2022-08-08 16:20:19,49.5786,42.736,81.63,21,85,10.78,overcast clouds
208,Kodiak,US,2022-08-08 16:20:19,57.79,-152.4072,56.71,82,100,0.0,overcast clouds
209,Karlstad,SE,2022-08-08 16:18:04,59.3793,13.5036,66.76,59,75,8.05,broken clouds
210,Luba,GQ,2022-08-08 16:20:20,3.4568,8.5547,77.13,88,99,11.79,light rain
211,Curvelo,BR,2022-08-08 16:20:20,-18.7564,-44.4308,91.76,19,26,4.68,scattered clouds
212,Kamenka,RU,2022-08-08 16:20:20,51.3223,42.7678,76.98,39,39,17.07,scattered clouds
213,Riyadh,SA,2022-08-08 16:20:21,24.6877,46.7219,107.74,23,25,30.98,scattered clouds
214,Jining,CN,2022-08-08 16:20:21,35.405,116.5814,79.07,95,100,3.62,heavy intensity rain
215,Lavrentiya,RU,2022-08-08 16:20:21,65.5833,-171.0,37.04,84,100,12.1,light rain
216,Cayenne,GF,2022-08-08 16:20:22,4.9333,-52.3333,91.44,13,20,9.22,few clouds
217,Mandeville,JM,2022-08-08 16:20:22,18.0417,-77.5071,86.18,44,62,9.8,broken clouds
218,Antsohihy,MG,2022-08-08 16:20:22,-14.8796,47.9875,74.12,56,4,4.68,clear sky
219,Guerrero Negro,MX,2022-08-08 16:20:23,27.9769,-114.0611,78.46,67,11,9.24,few clouds
220,Kysyl-Syr,RU,2022-08-08 16:20:23,63.8986,122.7617,53.71,96,56,4.18,broken clouds
221,Kruisfontein,ZA,2022-08-08 16:20:24,-34.0033,24.7314,60.89,90,73,4.63,broken clouds
222,Port-Gentil,GA,2022-08-08 16:20:24,-0.7193,8.7815,76.96,73,75,12.66,broken clouds
223,Launceston,AU,2022-08-08 16:20:24,-41.45,147.1667,37.15,90,6,0.0,clear sky
224,Lasa,IT,2022-08-08 16:20:24,46.6166,10.7002,81.48,47,70,3.51,broken clouds
225,Thyboron,DK,2022-08-08 16:21:25,56.6985,8.2124,68.18,75,5,14.52,clear sky
226,Touros,BR,2022-08-08 16:18:26,-5.1989,-35.4608,83.21,63,6,19.04,clear sky
227,Clyde River,CA,2022-08-08 16:21:25,70.4692,-68.5914,48.43,81,100,17.27,overcast clouds
228,Aklavik,CA,2022-08-08 16:21:26,68.2191,-135.0107,54.25,78,98,13.29,light rain
229,Sao Jose Da Coroa Grande,BR,2022-08-08 16:21:26,-8.8978,-35.1478,79.3,58,42,9.15,scattered clouds
230,Suntar,RU,2022-08-08 16:21:26,62.1444,117.6319,52.38,95,96,3.4,overcast clouds
231,Broken Hill,AU,2022-08-08 16:21:27,-31.95,141.4333,47.46,54,2,4.07,clear sky
232,Portland,US,2022-08-08 16:17:52,45.5234,-122.6762,75.61,64,20,7.0,few clouds
233,Castro,BR,2022-08-08 16:21:27,-24.7911,-50.0119,64.78,76,100,2.08,overcast clouds
234,Tazovskiy,RU,2022-08-08 16:21:28,67.4667,78.7,66.33,64,0,5.91,clear sky
235,Huarmey,PE,2022-08-08 16:21:28,-10.0681,-78.1522,66.58,70,72,10.29,broken clouds
236,Sinnamary,GF,2022-08-08 16:21:28,5.3833,-52.95,86.49,58,100,9.78,overcast clouds
237,Harbour Breton,CA,2022-08-08 16:21:29,47.4833,-55.7983,68.27,62,93,15.03,overcast clouds
238,Salalah,OM,2022-08-08 16:21:29,17.0151,54.0924,77.09,94,100,4.61,drizzle
239,Norman Wells,CA,2022-08-08 16:21:30,65.282,-126.8329,51.84,93,75,6.91,broken clouds
240,Dekar,BW,2022-08-08 16:21:30,-21.5333,21.9333,74.12,16,23,6.98,few clouds
241,Moron,AR,2022-08-08 16:21:30,-34.6534,-58.6198,57.09,67,53,8.7,broken clouds
242,Talnakh,RU,2022-08-08 16:21:31,69.4865,88.3972,65.21,92,54,7.67,moderate rain
243,Tura,IN,2022-08-08 16:21:31,25.5198,90.2201,76.19,96,58,5.39,broken clouds
244,Mayya,RU,2022-08-08 16:21:31,61.7333,130.2811,58.32,86,69,6.29,broken clouds
245,Upernavik,GL,2022-08-08 16:21:32,72.7868,-56.1549,42.76,75,99,4.61,overcast clouds
246,La Paz,BO,2022-08-08 16:19:15,-16.5,-68.15,49.98,42,75,12.66,broken clouds
247,Saint-Paul,RE,2022-08-08 16:21:32,-21.0096,55.2707,69.91,82,40,1.5,scattered clouds
248,Caravelas,BR,2022-08-08 16:21:32,-17.7125,-39.2481,80.02,58,30,12.35,scattered clouds
249,Morelia,MX,2022-08-08 16:17:24,19.7008,-101.1844,67.14,72,86,3.56,overcast clouds
250,Taltal,CL,2022-08-08 16:21:33,-25.4,-70.4833,62.06,61,8,4.0,clear sky
251,Chiman,PK,2022-08-08 16:21:33,32.5463,73.8138,89.4,64,13,4.0,few clouds
252,Ambilobe,MG,2022-08-08 16:21:33,-13.2,49.05,70.84,77,12,1.72,few clouds
253,Kapit,MY,2022-08-08 16:21:34,2.0167,112.9333,73.92,99,76,1.16,broken clouds
254,Mackay,AU,2022-08-08 16:21:34,-21.15,149.2,49.68,59,0,9.84,clear sky
255,Adrar,MR,2022-08-08 16:21:35,20.5022,-10.0711,111.92,8,34,12.77,scattered clouds
256,Mbini,GQ,2022-08-08 16:21:35,1.574,9.6134,78.26,76,100,14.05,overcast clouds
257,Isangel,VU,2022-08-08 16:21:35,-19.55,169.2667,74.64,87,2,9.84,clear sky
258,Gamba,GA,2022-08-08 16:21:36,-2.65,10.0,72.84,77,87,8.52,overcast clouds
259,Colares,PT,2022-08-08 16:21:36,38.7992,-9.4469,81.34,61,20,13.0,few clouds
260,Nachingwea,TZ,2022-08-08 16:21:36,-10.3833,38.7667,75.0,46,71,8.59,broken clouds
261,Gazojak,TM,2022-08-08 16:21:36,41.1875,61.4036,88.09,16,33,9.64,scattered clouds
262,Alamosa,US,2022-08-08 16:21:37,37.4695,-105.87,67.98,60,0,4.61,clear sky
263,Chippewa Falls,US,2022-08-08 16:17:27,44.9369,-91.3929,66.97,77,75,10.36,broken clouds
264,Marfino,RU,2022-08-08 16:21:37,55.7028,37.3822,69.94,67,0,6.71,clear sky
265,Asgabat,TM,2022-08-08 16:21:38,37.95,58.3833,89.46,25,20,6.91,few clouds
266,Garowe,SO,2022-08-08 16:21:38,8.4054,48.4845,85.87,35,84,22.86,broken clouds
267,Hovd,MN,2022-08-08 16:21:38,48.0056,91.6419,73.35,34,88,9.51,overcast clouds
268,Civitavecchia,IT,2022-08-08 16:21:39,42.0933,11.7967,87.62,56,1,10.09,clear sky
269,Valle De Banderas,MX,2022-08-08 16:21:39,20.8,-105.2333,85.6,78,100,2.3,overcast clouds
270,Horta,PT,2022-08-08 16:21:39,38.5333,-28.6333,74.84,83,40,11.5,scattered clouds
271,Formosa,AR,2022-08-08 16:21:10,-26.1775,-58.1781,64.38,77,75,11.5,broken clouds
272,Baryatino,RU,2022-08-08 16:21:40,54.3121,34.521,67.14,86,93,5.26,overcast clouds
273,Balkhash,KZ,2022-08-08 16:22:40,46.844,74.9804,73.35,56,85,7.11,overcast clouds
274,Pangai,TO,2022-08-08 16:22:40,-19.8,-174.35,77.56,78,2,16.87,clear sky
275,Mocuba,MZ,2022-08-08 16:22:41,-16.8392,36.9856,70.45,49,0,5.03,clear sky
276,Pangnirtung,CA,2022-08-08 16:22:41,66.1451,-65.7125,46.4,76,40,6.91,scattered clouds
277,Ixtapa,MX,2022-08-08 16:22:41,20.7,-105.2,85.23,78,100,2.3,overcast clouds
278,Mehamn,NO,2022-08-08 16:22:42,71.0357,27.8492,51.75,82,75,17.27,broken clouds
279,Souillac,MU,2022-08-08 16:22:42,-20.5167,57.5167,70.18,78,40,5.75,scattered clouds
280,Thaton,MM,2022-08-08 16:22:42,16.9206,97.3714,74.08,98,100,2.66,overcast clouds
281,Praia Da Vitoria,PT,2022-08-08 16:22:43,38.7333,-27.0667,79.05,73,40,11.7,scattered clouds
282,Florian,CO,2022-08-08 16:22:43,5.8049,-73.9703,75.78,55,8,4.7,clear sky
283,Zhangye,CN,2022-08-08 16:22:43,38.9342,100.4517,73.29,51,18,5.3,few clouds
284,Tual,ID,2022-08-08 16:22:44,-5.6667,132.75,79.61,83,53,20.4,broken clouds
285,Chinampa,MX,2022-08-08 16:22:44,19.8061,-97.4886,61.03,80,50,6.26,scattered clouds
286,Wajir,KE,2022-08-08 16:22:45,1.7471,40.0573,85.96,35,0,9.22,clear sky
287,Fort Madison,US,2022-08-08 16:22:36,40.6298,-91.3151,75.69,100,100,10.36,overcast clouds
288,Atbasar,KZ,2022-08-08 16:22:45,51.8,68.3333,62.35,63,56,8.97,broken clouds
289,Valparai,IN,2022-08-08 16:22:45,10.3667,76.9667,62.24,95,100,5.75,overcast clouds
290,Lusambo,CD,2022-08-08 16:22:46,-4.9667,23.45,92.39,19,1,1.28,clear sky
291,Maragogi,BR,2022-08-08 16:22:46,-9.0122,-35.2225,78.91,61,56,9.26,broken clouds
292,Zhanakorgan,KZ,2022-08-08 16:22:46,43.9098,67.2495,81.75,20,0,9.48,clear sky
293,Quixada,BR,2022-08-08 16:22:47,-4.9714,-39.0153,90.41,32,6,9.17,clear sky
294,Talcahuano,CL,2022-08-08 16:22:47,-36.7167,-73.1167,51.48,76,40,8.05,scattered clouds
295,Porto Velho,BR,2022-08-08 16:22:12,-8.7619,-63.9039,97.48,35,14,2.68,light rain
296,Tadine,NC,2022-08-08 16:22:48,-21.55,167.8833,70.72,84,92,14.74,overcast clouds
297,Karratha,AU,2022-08-08 16:22:48,-20.7377,116.8463,70.07,59,26,10.31,light rain
298,Plettenberg Bay,ZA,2022-08-08 16:22:48,-34.0527,23.3716,60.69,89,8,10.27,clear sky
299,Cabedelo,BR,2022-08-08 16:22:49,-6.9811,-34.8339,83.07,69,27,17.45,scattered clouds
300,Grand Gaube,MU,2022-08-08 16:22:49,-20.0064,57.6608,70.2,75,13,1.99,few clouds
301,Christchurch,NZ,2022-08-08 16:22:27,-43.5333,172.6333,38.91,88,100,6.91,overcast clouds
302,Chalus,IR,2022-08-08 16:22:49,36.655,51.4204,80.06,74,100,4.61,overcast clouds
303,Namatanai,PG,2022-08-08 16:22:50,-3.6667,152.4333,78.08,82,79,5.35,broken clouds
304,Acapulco,MX,2022-08-08 16:22:50,16.8634,-99.8901,85.82,62,40,3.44,scattered clouds
305,Mabay,PH,2022-08-08 16:22:50,6.0577,124.4666,74.84,95,100,2.66,light rain
306,Podor,MR,2022-08-08 16:22:51,16.6527,-14.9587,102.15,39,40,0.0,scattered clouds
307,Diffa,NE,2022-08-08 16:22:51,13.3154,12.6113,87.19,46,98,5.95,overcast clouds
308,Aranos,NA,2022-08-08 16:22:51,-24.1333,19.1167,69.64,13,11,9.48,few clouds
309,Zhigansk,RU,2022-08-08 16:22:52,66.7697,123.3711,50.92,88,96,1.16,overcast clouds
310,Ponta Delgada,PT,2022-08-08 16:22:16,37.7333,-25.6667,75.92,78,20,5.75,few clouds
311,Bowen,AU,2022-08-08 16:22:52,-20.0167,148.2333,59.2,74,0,8.77,clear sky
312,Pitimbu,BR,2022-08-08 16:22:52,-7.4706,-34.8086,82.99,66,33,15.59,scattered clouds
313,Kotelnikovo,RU,2022-08-08 16:22:53,47.6317,43.1461,88.2,18,64,6.53,broken clouds
314,Olafsvik,IS,2022-08-08 16:22:53,64.8945,-23.7142,51.28,92,91,20.94,overcast clouds
315,Tartagal,AR,2022-08-08 16:22:53,-22.5164,-63.8013,61.84,57,100,5.97,overcast clouds
316,Flin Flon,CA,2022-08-08 16:22:54,54.7682,-101.865,75.04,57,75,13.8,broken clouds
317,Tessalit,ML,2022-08-08 16:22:54,20.1986,1.0114,109.36,9,7,6.26,clear sky
318,Brae,GB,2022-08-08 16:23:55,60.3964,-1.353,56.01,98,100,14.0,light rain
319,Leningradskiy,RU,2022-08-08 16:23:55,69.3833,178.4167,28.94,93,87,4.34,overcast clouds
320,Hofn,IS,2022-08-08 16:23:56,64.2539,-15.2082,53.62,82,75,12.66,broken clouds
321,Kondagaon,IN,2022-08-08 16:23:56,19.6,81.6667,72.99,97,100,8.01,light rain
322,Jackson,US,2022-08-08 16:19:59,42.4165,-122.8345,76.15,56,40,3.44,scattered clouds
323,Iqaluit,CA,2022-08-08 16:23:56,63.7506,-68.5145,49.73,76,20,6.91,few clouds
324,Manado,ID,2022-08-08 16:23:57,1.487,124.8455,75.97,94,40,1.14,scattered clouds
325,Road Town,VG,2022-08-08 16:23:57,18.4167,-64.6167,91.49,70,40,14.97,scattered clouds
326,Deputatskiy,RU,2022-08-08 16:23:57,69.3,139.9,53.98,87,99,4.41,light rain
327,Maltahohe,NA,2022-08-08 16:23:58,-24.8333,16.9833,71.69,11,12,5.66,few clouds
328,Katsuura,JP,2022-08-08 16:23:58,35.1333,140.3,81.09,89,99,19.82,overcast clouds
329,Umm Lajj,SA,2022-08-08 16:23:58,25.0213,37.2685,89.91,62,22,10.87,few clouds
330,Mangalia,RO,2022-08-08 16:23:59,43.8,28.5833,84.52,57,0,10.54,clear sky
331,Plastun,RU,2022-08-08 16:24:03,44.7561,136.2939,63.86,80,0,5.99,clear sky
332,Tambopata,PE,2022-08-08 16:24:04,-12.7333,-69.1833,84.09,70,75,4.61,broken clouds
333,Saldanha,ZA,2022-08-08 16:21:15,-33.0117,17.9442,57.25,78,58,7.56,broken clouds
334,Motygino,RU,2022-08-08 16:24:04,58.1831,94.7592,60.4,76,68,2.86,broken clouds
335,Ewa Beach,US,2022-08-08 16:24:04,21.3156,-158.0072,77.09,72,0,10.0,clear sky
336,Nantucket,US,2022-08-08 16:23:11,41.2835,-70.0995,87.91,78,0,21.85,clear sky
337,Kincardine,GB,2022-08-08 16:24:05,56.0667,-3.7167,72.91,64,99,11.99,overcast clouds
338,Shibukawa,JP,2022-08-08 16:24:05,36.4833,139.0,80.44,88,100,3.0,overcast clouds
339,Buraydah,SA,2022-08-08 16:22:51,26.326,43.975,109.85,11,2,12.5,clear sky
340,Bartica,GY,2022-08-08 16:24:06,6.4,-58.6167,89.92,52,69,2.33,broken clouds
341,Cap Malheureux,MU,2022-08-08 16:24:06,-19.9842,57.6142,67.46,75,16,1.99,few clouds
342,Kuressaare,EE,2022-08-08 16:24:07,58.2481,22.5039,66.02,74,40,4.0,scattered clouds
343,Khor,RU,2022-08-08 16:24:07,47.8861,134.9464,61.7,82,13,9.46,few clouds
344,Ligayan,PH,2022-08-08 16:24:07,4.6533,119.4706,83.23,76,100,10.27,overcast clouds
345,Torbay,CA,2022-08-08 16:24:08,47.6666,-52.7314,72.39,80,75,14.97,broken clouds
346,Baruun-Urt,MN,2022-08-08 16:24:08,46.6806,113.2792,59.54,54,20,6.49,few clouds
347,Kologriv,RU,2022-08-08 16:24:09,58.8275,44.3178,62.85,86,42,6.22,scattered clouds
348,Oktyabrskiy,RU,2022-08-08 16:24:09,54.4815,53.471,71.96,69,99,1.72,overcast clouds
349,Turbat,PK,2022-08-08 16:24:09,26.0023,63.044,92.3,47,52,8.55,broken clouds
350,Nemuro,JP,2022-08-08 16:24:10,43.3236,145.575,66.79,99,89,20.13,overcast clouds
351,Lufilufi,WS,2022-08-08 16:24:10,-13.8745,-171.5986,76.78,77,27,18.95,light rain
352,Hamilton,US,2022-08-08 16:21:36,39.1834,-84.5333,88.74,74,75,13.8,broken clouds
353,Vanavara,RU,2022-08-08 16:24:10,60.34,102.2797,52.95,82,70,3.11,broken clouds
354,Meadow Lake,US,2022-08-08 16:24:11,34.8014,-106.5436,79.14,54,46,1.59,scattered clouds
355,Pauini,BR,2022-08-08 16:24:11,-7.7136,-66.9764,94.96,40,16,2.55,few clouds
356,Hambantota,LK,2022-08-08 16:24:11,6.1241,81.1185,78.73,82,87,15.46,overcast clouds
357,Volcan,PA,2022-08-08 16:24:12,8.7667,-82.6333,68.11,62,48,2.66,scattered clouds
358,Paragominas,BR,2022-08-08 16:24:12,-2.9667,-47.4833,93.54,32,15,5.97,few clouds
359,Qaqortoq,GL,2022-08-08 16:24:13,60.7167,-46.0333,46.65,73,100,6.13,overcast clouds
360,Quelimane,MZ,2022-08-08 16:24:13,-17.8786,36.8883,69.75,83,40,5.75,scattered clouds
361,Camopi,GF,2022-08-08 16:24:13,3.1655,-52.3158,91.67,41,74,4.68,broken clouds
362,Siderno,IT,2022-08-08 16:24:14,38.2779,16.302,83.91,57,74,2.84,broken clouds
363,Jibuti,DJ,2022-08-08 16:24:14,11.5,42.5,85.8,43,8,12.28,clear sky
364,Liku,ID,2022-08-08 16:24:14,-0.7275,119.8922,74.64,94,91,2.26,light rain
365,Knysna,ZA,2022-08-08 16:24:15,-34.0363,23.0471,61.52,85,8,8.1,clear sky
366,Caudry,FR,2022-08-08 16:25:15,50.1249,3.4119,77.72,27,21,12.68,few clouds
367,Almansa,ES,2022-08-08 16:22:39,38.8692,-1.0971,91.44,19,0,15.1,clear sky
368,Fort Nelson,CA,2022-08-08 16:25:16,58.8053,-122.7002,62.19,48,20,12.66,few clouds
369,Kununurra,AU,2022-08-08 16:25:16,-15.7667,128.7333,69.78,83,1,0.0,clear sky
370,Havre-Saint-Pierre,CA,2022-08-08 16:25:16,50.2334,-63.5986,70.16,43,0,3.44,clear sky
371,Payo,ID,2022-08-08 16:25:17,-3.7508,103.6372,76.51,83,79,3.18,broken clouds
372,Toppenish,US,2022-08-08 16:25:17,46.3774,-120.3087,82.35,18,0,2.13,clear sky
373,Kangar,MY,2022-08-08 16:25:17,6.4414,100.1986,80.56,89,100,3.22,overcast clouds
374,Albertville,US,2022-08-08 16:22:39,34.2676,-86.2089,84.06,64,58,2.75,broken clouds
375,Hudson Bay,CA,2022-08-08 16:25:18,52.85,-102.3842,76.68,52,2,9.98,clear sky
376,Petauke,ZM,2022-08-08 16:25:18,-14.2426,31.3253,72.95,22,10,5.26,clear sky
377,Bonavista,CA,2022-08-08 16:25:19,48.6499,-53.1147,63.07,71,98,17.09,overcast clouds
378,Ternate,ID,2022-08-08 16:25:19,0.8,127.4,78.94,84,70,10.8,broken clouds
379,Yulara,AU,2022-08-08 16:25:19,-25.2406,130.9889,54.16,31,28,11.32,scattered clouds
380,Rodrigues Alves,BR,2022-08-08 16:25:20,-7.738,-72.6509,86.2,78,8,2.04,clear sky
381,Port Blair,IN,2022-08-08 16:22:28,11.6667,92.75,82.04,83,100,19.39,overcast clouds
382,Gao,ML,2022-08-08 16:25:20,16.6362,1.637,95.97,35,100,20.71,overcast clouds
383,Khuzhir,RU,2022-08-08 16:25:21,53.1939,107.3397,56.55,72,0,6.44,clear sky
384,Beyneu,KZ,2022-08-08 16:25:21,45.3167,55.2,89.02,18,95,5.93,overcast clouds
385,Savinka,RU,2022-08-08 16:25:21,50.0785,47.0994,84.29,26,37,15.14,scattered clouds
386,Kristiansund,NO,2022-08-08 16:25:22,63.1115,7.732,64.45,77,75,3.44,broken clouds
387,Savonlinna,FI,2022-08-08 16:25:22,61.8699,28.88,66.25,48,0,1.14,clear sky
388,Whitehorse,CA,2022-08-08 16:25:22,60.7161,-135.0538,51.1,72,75,12.66,broken clouds
389,Manaure,CO,2022-08-08 16:25:23,11.7751,-72.4445,90.5,52,0,19.93,clear sky
390,Luanda,AO,2022-08-08 16:25:23,-8.8368,13.2343,71.6,73,75,5.75,broken clouds
391,Bat Khela,PK,2022-08-08 16:25:23,34.6167,71.9714,83.77,69,10,2.73,clear sky
392,Saravan,AM,2022-08-08 16:25:24,39.7196,45.6483,67.95,63,50,6.49,scattered clouds
393,Ossora,RU,2022-08-08 16:25:24,59.2353,163.0719,54.54,81,9,3.13,clear sky
394,Camana,PE,2022-08-08 16:25:24,-16.6228,-72.7111,63.9,71,42,11.52,scattered clouds
395,Jitra,MY,2022-08-08 16:25:25,6.2681,100.4217,80.49,94,20,0.0,few clouds
396,Thinadhoo,MV,2022-08-08 16:25:25,0.5333,72.9333,82.26,70,100,5.5,overcast clouds
397,Delano,US,2022-08-08 16:25:26,35.7688,-119.247,78.33,38,0,6.91,clear sky
398,Lompoc,US,2022-08-08 16:25:26,34.6391,-120.4579,72.84,82,100,11.01,mist
399,Gimli,CA,2022-08-08 16:23:45,50.6336,-96.9907,72.0,61,56,15.19,broken clouds
400,Nuuk,GL,2022-08-08 16:25:26,64.1835,-51.7216,43.41,87,100,13.8,overcast clouds
401,Muskogee,US,2022-08-08 16:25:27,35.5834,-95.3336,95.07,56,20,13.8,few clouds
402,Keti Bandar,PK,2022-08-08 16:25:27,24.1447,67.4497,83.34,87,100,10.58,light rain
403,Bridlington,GB,2022-08-08 16:23:29,54.0831,-0.1919,73.33,74,64,12.24,broken clouds
404,Vao,NC,2022-08-08 16:25:27,-22.6667,167.4833,70.18,73,53,18.57,broken clouds
405,Maicao,CO,2022-08-08 16:25:28,11.3832,-72.2432,90.34,53,16,15.86,few clouds
406,Valparaiso,CL,2022-08-08 16:25:28,-33.0393,-71.6273,62.83,59,0,17.27,clear sky
407,Moerai,PF,2022-08-08 16:25:28,-22.4333,-151.3333,70.65,72,100,28.61,light rain
408,Kyabe,TD,2022-08-08 16:25:29,9.4515,18.9449,81.43,78,75,2.57,broken clouds
409,Manama,BH,2022-08-08 16:25:29,26.2154,50.5832,102.38,57,20,4.61,few clouds
410,Havelock,US,2022-08-08 16:25:29,34.8791,-76.9013,90.05,69,40,10.36,scattered clouds
411,Lensk,RU,2022-08-08 16:25:30,60.7253,114.9278,48.81,97,83,3.62,broken clouds
412,Yueyang,CN,2022-08-08 16:25:30,29.3333,113.0919,87.04,59,79,10.47,broken clouds
413,Kviteseid,NO,2022-08-08 16:25:30,59.4022,8.4927,72.1,50,84,4.45,broken clouds
414,Barcelos,PT,2022-08-08 16:26:31,41.5388,-8.6151,64.54,58,4,8.1,clear sky
415,Bilma,NE,2022-08-08 16:26:31,18.6853,12.9164,103.98,20,12,6.08,few clouds
416,Nizwa,OM,2022-08-08 16:26:31,22.9333,57.5333,100.02,23,76,7.29,broken clouds
417,Sioux Lookout,CA,2022-08-08 16:26:32,50.1001,-91.917,68.07,52,40,9.22,scattered clouds
418,Lotofaga,WS,2022-08-08 16:26:32,-13.9764,-171.8578,76.78,76,29,20.38,light rain
419,Ostrovnoy,RU,2022-08-08 16:26:32,68.0531,39.5131,53.94,74,97,14.54,overcast clouds
420,Parkes,AU,2022-08-08 16:26:33,-33.1333,148.1833,39.34,84,1,4.32,clear sky
421,Port Arthur,CN,2022-08-08 16:25:36,38.8,121.2667,77.22,63,84,8.48,broken clouds
422,Leh,IN,2022-08-08 16:26:33,34.1667,77.5833,69.98,41,70,6.49,broken clouds
423,Zyryanka,RU,2022-08-08 16:26:33,65.75,150.85,64.2,72,0,7.92,clear sky
424,Fort Morgan,US,2022-08-08 16:26:34,40.2503,-103.8,74.62,53,2,8.59,clear sky
425,Russkiy Aktash,RU,2022-08-08 16:26:34,55.0384,52.1214,72.84,73,89,5.73,overcast clouds
426,Zhireken,RU,2022-08-08 16:26:34,52.8249,117.3076,46.06,81,6,4.03,clear sky
427,Batemans Bay,AU,2022-08-08 16:26:35,-35.7167,150.1833,43.74,91,20,5.48,few clouds
428,Petropavlovsk-Kamchatskiy,RU,2022-08-08 16:26:35,53.0452,158.6483,54.19,100,100,4.47,overcast clouds
429,Guatire,VE,2022-08-08 16:26:36,10.4762,-66.5427,89.69,48,9,5.59,clear sky
430,Otjimbingwe,NA,2022-08-08 16:26:36,-22.35,16.1333,82.96,11,41,8.32,scattered clouds
431,Chunhuhub,MX,2022-08-08 16:26:36,19.55,-88.6833,88.29,56,47,4.65,scattered clouds
432,Camacha,PT,2022-08-08 16:26:37,33.0833,-16.3333,71.02,68,75,13.8,broken clouds
433,Filadelfia,US,2022-08-08 16:25:33,39.9523,-75.1638,93.76,61,40,13.8,scattered clouds
434,Dormidontovka,RU,2022-08-08 16:26:37,47.7702,134.9076,62.73,74,12,11.52,few clouds
435,Koslan,RU,2022-08-08 16:26:37,63.4564,48.8989,65.07,52,73,4.72,broken clouds
436,Veselynove,UA,2022-08-08 16:26:38,47.3567,31.2349,94.14,15,2,9.73,clear sky
437,Mount Pleasant,US,2022-08-08 16:26:38,32.7941,-79.8626,89.01,79,20,6.91,few clouds
438,Sonoita,MX,2022-08-08 16:26:39,31.85,-112.8333,86.81,52,49,2.77,light rain
439,Asha,RU,2022-08-08 16:26:39,54.9973,57.2722,68.99,80,99,3.69,overcast clouds
440,Rio Das Ostras,BR,2022-08-08 16:25:28,-22.5269,-41.945,78.71,60,100,10.11,overcast clouds
441,Dumas,US,2022-08-08 16:24:16,35.8656,-101.9732,75.34,73,40,12.66,scattered clouds
442,Chara,RU,2022-08-08 16:26:39,56.9064,118.2631,51.58,72,100,5.7,overcast clouds
443,Grass Valley,US,2022-08-08 16:26:40,39.2191,-121.0611,81.95,38,0,1.99,clear sky
444,Yar-Sale,RU,2022-08-08 16:26:40,66.8333,70.8333,73.58,52,25,8.43,scattered clouds
445,Taguatinga,BR,2022-08-08 16:26:40,-12.3857,-46.5711,98.1,16,8,4.97,clear sky
446,Pemangkat,ID,2022-08-08 16:26:41,1.1667,108.9667,80.1,80,8,8.95,clear sky
447,Byron Bay,AU,2022-08-08 16:26:31,-28.65,153.6167,51.71,86,39,11.99,scattered clouds
448,Moyale,KE,2022-08-08 16:26:41,3.5167,39.0584,71.62,48,57,9.37,broken clouds
449,Lazurne,UA,2022-08-08 16:26:42,46.084,32.5295,86.36,38,0,2.77,clear sky
450,Imola,IT,2022-08-08 16:26:42,44.3523,11.7158,89.73,39,62,8.79,broken clouds
451,Ust-Omchug,RU,2022-08-08 16:26:42,61.15,149.6333,53.35,77,100,4.74,overcast clouds
452,Porto Walter,BR,2022-08-08 16:26:42,-8.2686,-72.7439,82.63,76,11,1.19,few clouds
453,Arica,CL,2022-08-08 16:26:43,-18.475,-70.3042,60.35,72,100,8.05,overcast clouds
454,Besuki,ID,2022-08-08 16:26:43,-7.7338,113.6979,78.39,77,90,4.29,overcast clouds
455,Axim,GH,2022-08-08 16:26:43,4.8699,-2.2405,78.21,71,65,9.98,broken clouds
456,Guilin,CN,2022-08-08 16:26:44,25.2819,110.2864,84.31,85,5,0.94,clear sky
457,Varca,IN,2022-08-08 16:26:44,15.2167,73.9167,78.78,87,100,18.97,light rain
458,Olavarria,AR,2022-08-08 16:26:45,-36.8927,-60.3225,44.02,75,100,7.2,overcast clouds
459,College,US,2022-08-08 16:26:45,64.8569,-147.8028,51.75,91,100,4.61,light rain
460,Ayagoz,KZ,2022-08-08 16:26:45,47.9714,80.4392,71.28,30,100,10.67,overcast clouds
461,Walvis Bay,NA,2022-08-08 16:27:46,-22.9575,14.5053,67.15,52,0,8.05,clear sky
462,Halifax,CA,2022-08-08 16:26:58,44.6453,-63.5724,78.69,76,100,5.75,overcast clouds
463,Synya,RU,2022-08-08 16:27:46,65.3718,58.0387,59.95,69,64,2.66,broken clouds
464,Lodja,CD,2022-08-08 16:27:47,-3.4833,23.4333,91.18,24,29,1.61,scattered clouds
465,Uyuni,BO,2022-08-08 16:27:47,-20.4597,-66.825,47.34,8,0,16.93,clear sky
466,Kembe,CF,2022-08-08 16:27:47,4.6228,21.8865,77.4,85,58,3.06,light rain
467,Port Shepstone,ZA,2022-08-08 16:27:48,-30.7414,30.455,65.16,82,59,19.73,light rain
468,Le Port,RE,2022-08-08 16:27:48,-20.9373,55.2919,69.8,81,52,2.62,broken clouds
469,Jacqueville,CI,2022-08-08 16:27:48,5.2052,-4.4146,76.51,76,94,12.59,overcast clouds
470,Iwanai,JP,2022-08-08 16:27:48,42.9744,140.5089,73.99,100,100,6.06,light rain
471,Dumai,ID,2022-08-08 16:27:49,1.6833,101.45,76.26,92,19,1.14,few clouds
472,Conneaut,US,2022-08-08 16:27:49,41.9476,-80.5542,83.08,81,99,15.17,overcast clouds
473,Hersbruck,DE,2022-08-08 16:27:49,49.5125,11.4339,84.74,30,0,5.48,clear sky
474,Rundu,NA,2022-08-08 16:27:50,-17.9333,19.7667,81.12,14,0,5.23,clear sky
475,Tigre,AR,2022-08-08 16:25:08,-34.426,-58.5796,57.34,65,40,16.11,scattered clouds
476,Skelleftea,SE,2022-08-08 16:27:50,64.7507,20.9528,64.76,55,20,6.91,few clouds
477,Kidal,ML,2022-08-08 16:27:51,18.4411,1.4078,104.94,18,37,18.63,scattered clouds
478,Marshall,US,2022-08-08 16:27:51,34.3834,-86.3333,89.38,67,42,2.46,scattered clouds
479,Martapura,ID,2022-08-08 16:27:51,-3.4167,114.85,75.29,83,100,2.3,overcast clouds
480,Diu,IN,2022-08-08 16:27:52,20.7141,70.9822,81.46,89,58,8.25,broken clouds
481,Ucluelet,CA,2022-08-08 16:26:26,48.9329,-125.5528,66.09,80,0,5.55,clear sky
482,Narsaq,GL,2022-08-08 16:27:52,60.9167,-46.05,61.02,63,100,7.29,overcast clouds
483,Tricase,IT,2022-08-08 16:27:53,39.9304,18.3553,90.75,62,0,8.05,clear sky
484,Coos Bay,US,2022-08-08 16:27:53,43.3665,-124.2179,63.0,100,100,8.05,overcast clouds
485,Kvarkeno,RU,2022-08-08 16:27:53,52.0833,59.725,71.08,53,100,7.7,overcast clouds
486,Kamina,CD,2022-08-08 16:27:54,-8.7386,24.9906,80.42,18,40,5.93,scattered clouds
487,Juruti,BR,2022-08-08 16:27:54,-2.1522,-56.0922,93.81,39,74,4.99,broken clouds
488,Donegal,IE,2022-08-08 16:27:55,54.65,-8.1167,64.45,63,89,6.8,overcast clouds
489,Petatlan,MX,2022-08-08 16:27:55,17.5167,-101.2667,80.4,95,100,4.81,overcast clouds
490,Hami,CN,2022-08-08 16:27:55,42.8,93.45,92.55,14,0,11.01,clear sky
491,Vestmannaeyjar,IS,2022-08-08 16:23:29,63.4427,-20.2734,52.79,93,100,25.32,mist
492,Kongoussi,BF,2022-08-08 16:27:56,13.3258,-1.5347,92.01,46,88,4.36,overcast clouds
493,Winsum,NL,2022-08-08 16:27:56,53.33,6.5208,74.97,55,46,11.61,scattered clouds
494,Abha,SA,2022-08-08 16:27:57,18.2164,42.5053,69.62,88,40,8.05,scattered clouds
495,Henties Bay,NA,2022-08-08 16:27:57,-22.116,14.2845,59.32,77,12,10.87,few clouds
496,Poum,NC,2022-08-08 16:27:57,-20.2333,164.0167,72.18,78,65,21.41,broken clouds
497,Yendi,GH,2022-08-08 16:27:58,9.4427,-0.0099,86.16,56,100,7.49,overcast clouds
498,Ofaqim,IL,2022-08-08 16:28:01,31.3141,34.6203,82.71,46,0,13.47,clear sky
499,Murgab,TM,2022-08-08 16:28:01,37.4966,61.9714,85.87,39,0,4.61,clear sky
500,Puksoozero,RU,2022-08-08 16:28:01,62.5903,40.6066,61.65,65,100,4.38,overcast clouds
501,Kisanga,TZ,2022-08-08 16:28:02,-7.4362,37.7034,78.87,47,87,6.13,overcast clouds
502,Alekseyevka,RU,2022-08-08 16:28:02,50.6309,38.6903,80.98,41,5,5.5,clear sky
503,Hokitika,NZ,2022-08-08 16:28:02,-42.7167,170.9667,38.91,67,100,8.12,overcast clouds
504,Murray Bridge,AU,2022-08-08 16:28:03,-35.1167,139.2667,48.34,82,0,3.83,clear sky
505,Bichura,RU,2022-08-08 16:28:03,50.5881,107.6022,56.37,65,69,1.54,broken clouds
506,Ust-Tsilma,RU,2022-08-08 16:28:03,65.441,52.1498,63.28,52,100,2.82,overcast clouds
507,Robinson,US,2022-08-08 16:28:04,31.4677,-97.1147,92.17,53,0,9.22,clear sky
508,Ust-Ilimsk,RU,2022-08-08 16:29:04,58.0006,102.6619,51.15,89,11,3.0,few clouds
509,Tuatapere,NZ,2022-08-08 16:29:05,-46.1333,167.6833,28.31,92,11,4.92,few clouds
510,Mokhsogollokh,RU,2022-08-08 16:29:05,61.4681,128.9203,59.7,73,100,7.65,overcast clouds
511,Aksu,CN,2022-08-08 16:29:05,41.1231,80.2644,81.05,36,44,6.85,scattered clouds
512,Ahipara,NZ,2022-08-08 16:29:06,-35.1667,173.1667,51.17,91,9,3.29,clear sky
513,La Baule-Escoublac,FR,2022-08-08 16:29:06,47.2922,-2.364,87.71,25,0,17.27,clear sky
514,Chicama,PE,2022-08-08 16:29:06,-7.8447,-79.1469,61.34,62,37,8.57,scattered clouds
515,Gainesville,US,2022-08-08 16:28:58,29.6516,-82.3248,91.81,66,20,4.61,few clouds
516,Gouyave,GD,2022-08-08 16:29:07,12.1646,-61.7296,86.77,66,20,19.57,few clouds
517,Dawlatabad,AF,2022-08-08 16:29:07,36.4141,64.9053,88.65,18,0,9.31,clear sky
518,Sawai Madhopur,IN,2022-08-08 16:29:07,25.9833,76.3667,87.48,63,81,7.31,light rain
519,Okha,RU,2022-08-08 16:29:08,53.5739,142.9478,54.45,98,100,18.45,moderate rain
520,Harper,LR,2022-08-08 16:29:08,4.375,-7.7169,76.86,70,86,6.82,overcast clouds
521,Orange Cove,US,2022-08-08 16:29:08,36.6244,-119.3137,85.69,50,40,0.0,scattered clouds
522,Telimele,GN,2022-08-08 16:29:09,10.9167,-13.3333,78.62,85,88,5.88,light rain
523,Guiratinga,BR,2022-08-08 16:29:09,-16.3494,-53.7583,92.17,27,62,6.89,broken clouds
524,Azovo,RU,2022-08-08 16:29:09,54.6997,73.0237,67.75,72,78,8.93,broken clouds
525,Marrakesh,MA,2022-08-08 16:29:10,31.6315,-8.0083,96.87,24,20,8.05,few clouds
526,Muros,ES,2022-08-08 16:29:10,42.7762,-9.0603,91.69,73,10,3.47,clear sky
527,Nedjo,ET,2022-08-08 16:29:11,9.5046,35.5019,59.56,98,100,4.79,moderate rain
528,Dingzhou,CN,2022-08-08 16:29:11,38.5131,114.9956,75.31,73,100,10.92,overcast clouds
529,Susanville,US,2022-08-08 16:29:11,40.4163,-120.653,82.11,32,0,3.0,clear sky
530,Nizhniy Kuranakh,RU,2022-08-08 16:29:12,58.8353,125.4869,56.82,95,100,9.51,light rain
531,Broome,US,2022-08-08 16:29:12,42.2506,-75.833,88.02,67,40,12.66,scattered clouds
532,Portree,GB,2022-08-08 16:29:12,57.4129,-6.1942,58.51,98,100,12.39,overcast clouds
533,Kendari,ID,2022-08-08 16:29:13,-3.945,122.4989,73.76,93,54,2.8,light rain
534,Kalangala,UG,2022-08-08 16:29:13,-0.3089,32.225,72.77,58,50,10.54,scattered clouds
535,Springbok,ZA,2022-08-08 16:29:13,-29.6643,17.8865,59.49,27,59,12.64,broken clouds
536,Boa Vista,BR,2022-08-08 16:25:42,2.8197,-60.6733,91.38,52,40,10.36,scattered clouds
537,Qianan,CN,2022-08-08 16:29:14,44.9932,124.0581,62.62,66,0,9.98,clear sky
538,Vanimo,PG,2022-08-08 16:29:14,-2.6741,141.3028,76.53,90,97,5.77,overcast clouds
539,Auki,SB,2022-08-08 16:29:14,-8.7676,160.7034,75.92,89,82,5.06,broken clouds
540,Kamakwie,SL,2022-08-08 16:29:15,9.5,-12.2333,78.17,91,100,2.86,light rain
541,Hit,IQ,2022-08-08 16:29:15,33.6416,42.8251,102.65,15,0,11.34,clear sky
542,Barcelona,ES,2022-08-08 16:29:16,41.3888,2.159,94.19,55,0,10.36,clear sky
543,San Lazaro,BZ,2022-08-08 16:29:16,18.0387,-88.6622,80.56,84,100,4.9,overcast clouds
544,Mingshui,CN,2022-08-08 16:29:16,36.7167,117.5,76.42,97,100,4.41,moderate rain
545,Danville,US,2022-08-08 16:27:53,36.586,-79.395,88.18,69,20,5.75,few clouds
546,Santarem,BR,2022-08-08 16:29:17,-2.4431,-54.7083,87.93,70,20,10.36,few clouds
547,Ugoofaaru,MV,2022-08-08 16:29:17,5.6667,73.0,81.19,84,100,13.31,overcast clouds
548,Tabriz,IR,2022-08-08 16:29:17,38.08,46.2919,85.46,30,20,11.5,few clouds
549,Russell,US,2022-08-08 16:29:18,32.3502,-85.1999,84.9,65,20,0.0,few clouds
550,Olonets,RU,2022-08-08 16:29:18,60.9847,32.9698,59.88,79,98,6.78,overcast clouds
551,Belmonte Mezzagno,IT,2022-08-08 16:29:18,38.0457,13.3947,87.44,43,5,7.0,clear sky
552,Powell River,CA,2022-08-08 16:25:53,49.8496,-124.5361,68.0,82,0,8.05,clear sky
553,Luganville,VU,2022-08-08 16:29:19,-15.5333,167.1667,75.83,89,8,5.68,clear sky
554,Bafq,IR,2022-08-08 16:29:19,31.6128,55.4107,100.17,12,0,13.53,clear sky
555,Namibe,AO,2022-08-08 16:29:20,-15.1961,12.1522,66.33,80,27,10.94,scattered clouds
556,Asfi,MA,2022-08-08 16:30:20,32.2994,-9.2372,73.36,71,0,19.48,clear sky
557,Puerto Escondido,MX,2022-08-08 16:30:20,15.85,-97.0667,85.03,70,75,8.05,broken clouds
558,Borgustanskaya,RU,2022-08-08 16:30:21,44.0547,42.5288,71.4,79,21,7.11,few clouds
559,Artesia,US,2022-08-08 16:30:21,33.8658,-118.0831,86.14,75,40,8.05,scattered clouds
560,Timra,SE,2022-08-08 16:30:22,62.487,17.3257,62.28,59,8,11.5,clear sky
561,Gat,IL,2022-08-08 16:30:05,31.61,34.7642,83.8,20,0,9.69,clear sky
562,Praia,CV,2022-08-08 16:29:18,14.9215,-23.5087,88.34,58,40,10.36,scattered clouds
563,Ferme-Neuve,CA,2022-08-08 16:30:22,46.7001,-75.4493,57.02,99,100,4.94,overcast clouds
564,Kapuvar,HU,2022-08-08 16:30:23,47.5922,17.0289,66.45,36,93,16.73,overcast clouds
565,Bandarbeyla,SO,2022-08-08 16:30:23,9.4942,50.8122,76.91,77,65,29.84,broken clouds
566,Krasnoselkup,RU,2022-08-08 16:30:24,65.7,82.4667,68.61,68,56,5.68,broken clouds
567,Abu Kamal,SY,2022-08-08 16:30:24,34.4506,40.9171,97.47,13,0,7.09,clear sky
568,Huaibei,CN,2022-08-08 16:28:10,33.9744,116.7917,86.63,72,100,3.89,overcast clouds
569,Ust-Kuyga,RU,2022-08-08 16:30:25,70.0167,135.6,58.89,81,100,4.21,overcast clouds
570,Aksarka,RU,2022-08-08 16:30:25,66.5606,67.7975,69.84,58,50,8.3,scattered clouds
571,Natal,BR,2022-08-08 16:30:26,-5.795,-35.2094,86.22,62,40,18.41,scattered clouds
572,Klyuchi,RU,2022-08-08 16:30:26,52.2667,79.1667,66.61,58,99,6.71,overcast clouds
573,Saint-Augustin,CA,2022-08-08 16:30:26,51.226,-58.6502,65.77,45,80,9.35,broken clouds
574,Asau,RO,2022-08-08 16:30:27,46.4333,26.4,77.92,56,50,1.88,scattered clouds
575,Jaguariaiva,BR,2022-08-08 16:30:27,-24.2511,-49.7058,66.31,76,100,4.05,overcast clouds
576,Beringovskiy,RU,2022-08-08 16:30:28,63.05,179.3167,45.01,63,88,3.2,overcast clouds
577,Bizhbulyak,RU,2022-08-08 16:30:28,53.6967,54.2642,70.23,74,98,7.25,overcast clouds
578,Ust-Maya,RU,2022-08-08 16:30:28,60.4167,134.5333,59.88,67,100,11.3,overcast clouds
579,Egvekinot,RU,2022-08-08 16:30:29,66.3167,-179.1667,33.57,71,75,10.36,broken clouds
580,Khorinsk,RU,2022-08-08 16:30:29,52.1657,109.7726,51.73,70,0,4.36,clear sky
581,Kapoeta,SS,2022-08-08 16:30:22,4.7717,33.5903,79.05,61,97,9.6,overcast clouds
582,Copacabana,CO,2022-08-08 16:28:26,6.3463,-75.5089,83.73,50,20,13.8,few clouds
583,Basco,PH,2022-08-08 16:30:33,20.4487,121.9702,83.61,75,100,15.57,overcast clouds
584,Parainen,FI,2022-08-08 16:30:33,60.3067,22.301,69.15,62,78,8.88,broken clouds
585,Vila Franca Do Campo,PT,2022-08-08 16:30:34,37.7167,-25.4333,75.61,78,56,6.15,light rain
586,Matagami,CA,2022-08-08 16:30:34,49.7502,-77.6328,57.31,77,20,5.75,light rain
587,Myitkyina,MM,2022-08-08 16:30:35,25.3833,97.4,77.31,97,42,1.77,scattered clouds
588,Alghero,IT,2022-08-08 16:30:35,40.5589,8.3181,87.89,58,20,11.5,few clouds
589,East Stroudsburg,US,2022-08-08 16:30:36,40.9995,-75.1813,90.72,66,21,10.45,few clouds
590,Kizlyar,RU,2022-08-08 16:30:36,43.8469,46.715,74.84,49,100,6.64,overcast clouds
591,Pierre,US,2022-08-08 16:30:39,44.3683,-100.351,79.29,62,0,8.05,clear sky
592,Svirstroy,RU,2022-08-08 16:30:39,60.7999,33.7248,56.55,93,100,6.44,light rain
593,Benguela,AO,2022-08-08 16:30:39,-12.5763,13.4055,69.33,81,17,5.64,few clouds
594,Soltsy,RU,2022-08-08 16:30:40,58.1239,30.3238,60.42,83,100,5.68,overcast clouds
595,Luderitz,NA,2022-08-08 16:30:40,-26.6481,15.1594,61.03,63,54,8.5,broken clouds
596,Leogane,HT,2022-08-08 16:30:41,18.5108,-72.6339,93.4,58,19,5.95,few clouds
597,Uruacu,BR,2022-08-08 16:30:41,-14.5247,-49.1408,96.6,18,17,2.91,few clouds
598,Puerto Madero,MX,2022-08-08 16:30:41,14.7208,-92.4215,84.4,79,75,0.0,broken clouds
599,Pismo Beach,US,2022-08-08 16:30:42,35.1428,-120.6413,75.56,70,0,1.01,clear sky
600,Zorgo,BF,2022-08-08 16:30:42,12.2489,-0.6158,92.79,43,81,5.46,broken clouds
601,Biak,ID,2022-08-08 16:31:42,-0.9131,122.8766,75.27,85,99,4.97,overcast clouds
602,Moka,JP,2022-08-08 16:31:43,36.4333,140.0167,80.19,89,93,2.48,overcast clouds
603,Tukan,RU,2022-08-08 16:31:43,53.8409,57.4552,61.0,92,99,0.29,overcast clouds
604,Port Hedland,AU,2022-08-08 16:31:44,-20.3167,118.5667,59.05,82,25,4.61,scattered clouds
605,Stokmarknes,NO,2022-08-08 16:31:44,68.5646,14.9108,55.38,62,20,3.44,few clouds
606,Obihiro,JP,2022-08-08 16:31:44,42.9172,143.2044,74.86,88,95,4.94,heavy intensity rain
607,San Roque,ES,2022-08-08 16:31:45,36.2107,-5.3842,81.43,51,20,16.11,few clouds
608,Abnub,EG,2022-08-08 16:31:45,27.2696,31.1511,98.82,18,1,11.12,clear sky
609,Porto Santo,PT,2022-08-08 16:31:46,33.072,-16.3415,73.78,68,75,13.8,broken clouds
610,Bonnyville,CA,2022-08-08 16:30:16,54.2668,-110.735,71.4,48,49,14.29,scattered clouds
611,Carutapera,BR,2022-08-08 16:31:46,-1.195,-46.02,87.12,60,26,10.67,scattered clouds
612,Moose Factory,CA,2022-08-08 16:31:47,51.2585,-80.6094,57.18,72,0,2.3,clear sky
613,Santiago Del Estero,AR,2022-08-08 16:31:30,-27.7951,-64.2615,56.28,51,100,15.43,overcast clouds
614,Hualmay,PE,2022-08-08 16:31:47,-11.0964,-77.6139,65.97,70,58,9.93,broken clouds
615,Lebedinyy,RU,2022-08-08 16:31:47,58.5167,125.5167,52.34,99,100,12.41,light rain
616,Vilcun,CL,2022-08-08 16:31:48,-38.65,-72.2333,47.14,73,76,4.03,broken clouds
617,Tapejara,BR,2022-08-08 16:31:48,-28.0681,-52.0139,59.38,73,87,8.5,overcast clouds
618,Sambava,MG,2022-08-08 16:31:49,-14.2667,50.1667,71.33,83,22,13.09,few clouds
619,Mulege,MX,2022-08-08 16:31:49,26.8833,-111.9833,89.29,52,88,5.57,overcast clouds
620,Beloha,MG,2022-08-08 16:31:49,-25.1667,45.05,66.63,80,15,19.39,few clouds
621,Carmo Do Paranaiba,BR,2022-08-08 16:31:50,-19.0008,-46.3161,80.74,41,54,4.36,broken clouds
622,Sobolevo,RU,2022-08-08 16:31:50,54.4299,31.8996,62.19,70,93,5.06,overcast clouds
623,Vostok,RU,2022-08-08 16:31:51,46.4856,135.8833,55.89,95,34,5.12,scattered clouds
624,Uthal,PK,2022-08-08 16:31:51,25.8072,66.6219,84.78,78,100,5.08,overcast clouds
625,Dasoguz,TM,2022-08-08 16:31:51,41.8363,59.9666,85.95,25,0,9.22,clear sky
626,Abu Dhabi,AE,2022-08-08 16:29:43,24.4667,54.3667,104.11,58,0,6.91,clear sky
627,Ranong,TH,2022-08-08 16:31:52,9.9658,98.6348,78.31,89,100,8.05,overcast clouds
628,Mountain Home,US,2022-08-08 16:31:52,43.133,-115.6912,76.48,29,0,12.66,clear sky
629,Bulgan,MN,2022-08-08 16:31:52,48.8125,103.5347,57.07,85,34,2.86,scattered clouds
630,Mogok,MM,2022-08-08 16:31:53,22.9167,96.5,65.37,99,63,2.59,broken clouds
631,Bakchar,RU,2022-08-08 16:31:53,57.0186,82.0711,56.7,97,59,4.85,broken clouds
632,Verkhnyaya Inta,RU,2022-08-08 16:31:54,65.9811,60.3094,55.76,81,91,6.17,overcast clouds
633,Mbandaka,CD,2022-08-08 16:31:54,0.0487,18.2603,79.5,58,26,1.19,scattered clouds
634,Dunda,TZ,2022-08-08 16:31:55,-8.1167,34.25,69.98,38,15,10.27,few clouds
635,Port Talbot,GB,2022-08-08 16:29:05,51.5924,-3.7802,85.24,47,0,8.34,clear sky
636,Chitrakonda,IN,2022-08-08 16:31:55,18.1167,82.0833,71.83,98,100,8.03,overcast clouds
637,Chake Chake,TZ,2022-08-08 16:31:55,-5.2459,39.7666,71.74,79,14,8.52,few clouds
638,Chanute,US,2022-08-08 16:27:32,37.6792,-95.4572,93.45,43,0,9.22,clear sky
639,Skjervoy,NO,2022-08-08 16:31:16,70.0311,20.9714,53.6,81,100,3.09,overcast clouds
640,Anchorage,US,2022-08-08 16:27:15,61.2181,-149.9003,53.38,90,100,19.57,moderate rain
641,Humberto De Campos,BR,2022-08-08 16:31:56,-2.5983,-43.4611,92.98,39,29,3.0,scattered clouds
642,Sao Joao Da Barra,BR,2022-08-08 16:31:56,-21.6403,-41.0511,80.69,65,38,12.8,scattered clouds
643,Nador,MA,2022-08-08 16:31:57,35.174,-2.9287,86.07,58,20,5.75,few clouds
644,Caceres,ES,2022-08-08 16:31:57,39.522,-6.3748,97.45,13,0,8.28,clear sky
645,San Lorenzo,PY,2022-08-08 16:31:58,-25.3333,-57.5333,67.14,64,75,8.05,broken clouds
646,Lagoa Da Prata,BR,2022-08-08 16:31:58,-20.0225,-45.5436,82.02,35,85,14.45,overcast clouds
647,Corinth,GR,2022-08-08 16:31:58,37.9407,22.9573,84.88,43,0,12.53,clear sky
648,Kaputa,ZM,2022-08-08 16:32:59,-8.4689,29.6619,75.88,38,0,3.15,clear sky
649,Maningrida,AU,2022-08-08 16:32:59,-12.0667,134.2667,66.85,84,13,8.75,few clouds
650,Havoysund,NO,2022-08-08 16:32:59,70.9963,24.6622,52.03,86,100,21.7,overcast clouds
651,Palatka,US,2022-08-08 16:33:00,29.6486,-81.6376,90.45,57,95,1.01,overcast clouds
652,Toamasina,MG,2022-08-08 16:33:00,-18.1667,49.3833,69.8,83,75,8.05,broken clouds
653,Hohhot,CN,2022-08-08 16:30:38,40.8106,111.6522,66.49,88,40,6.71,scattered clouds
654,Kawalu,ID,2022-08-08 16:33:01,-7.3817,108.2082,67.89,96,83,1.59,broken clouds
655,Kahului,US,2022-08-08 16:33:01,20.8947,-156.47,77.85,77,20,11.5,few clouds
656,Sault Sainte Marie,CA,2022-08-08 16:30:58,46.5168,-84.3333,61.36,87,100,8.05,light intensity shower rain
657,Kota Kinabalu,MY,2022-08-08 16:33:03,5.9749,116.0724,80.58,89,20,5.01,few clouds
658,Kalmunai,LK,2022-08-08 16:33:03,7.4167,81.8167,81.82,59,99,7.56,overcast clouds
659,Lenine,UA,2022-08-08 16:33:04,45.2986,35.7771,82.04,45,0,14.65,clear sky
660,Winnemucca,US,2022-08-08 16:33:04,40.973,-117.7357,78.85,29,0,13.8,clear sky
661,Fairview,US,2022-08-08 16:29:12,40.8126,-73.999,94.73,59,75,16.11,broken clouds
662,Tamandare,BR,2022-08-08 16:33:05,-8.7597,-35.1047,79.5,56,26,9.35,scattered clouds
663,Kabanjahe,ID,2022-08-08 16:33:06,3.1001,98.4908,61.63,96,84,3.33,broken clouds
664,Kolosovka,RU,2022-08-08 16:33:07,56.4678,73.611,64.94,66,83,7.67,broken clouds
665,Sarangani,PH,2022-08-08 16:33:07,5.4033,125.4636,76.44,88,100,5.26,moderate rain
666,Ilhabela,BR,2022-08-08 16:28:48,-23.7781,-45.3581,76.32,66,100,4.94,overcast clouds
667,Kungurtug,RU,2022-08-08 16:33:08,50.5994,97.5228,51.12,92,93,2.1,overcast clouds
668,Saint-Leu,RE,2022-08-08 16:33:08,-21.15,55.2833,68.86,78,16,10.42,few clouds
669,Yerbogachen,RU,2022-08-08 16:33:08,61.2767,108.0108,48.13,94,100,3.42,overcast clouds
670,Urucara,BR,2022-08-08 16:33:09,-2.5364,-57.76,97.3,33,30,6.69,scattered clouds
671,Korla,CN,2022-08-08 16:33:09,41.7597,86.1469,90.41,23,3,1.66,clear sky
672,Quatre Cocos,MU,2022-08-08 16:33:10,-20.2078,57.7625,69.91,75,16,13.27,few clouds
673,Qeshm,IR,2022-08-08 16:33:10,26.9581,56.2719,96.67,71,5,9.51,clear sky
674,Puerto Suarez,BO,2022-08-08 16:33:11,-18.95,-57.8,75.76,78,40,12.66,scattered clouds
675,Ketchikan,US,2022-08-08 16:30:17,55.3422,-131.6461,57.67,82,20,10.36,few clouds
676,Sokoni,TZ,2022-08-08 16:33:11,-6.4333,39.55,76.86,74,27,15.23,scattered clouds
677,Brownsville,US,2022-08-08 16:30:04,25.9018,-97.4975,89.98,70,75,8.05,broken clouds
678,Batagay-Alyta,RU,2022-08-08 16:33:12,67.8006,130.4114,52.52,85,91,4.23,overcast clouds
679,Preobrazheniye,RU,2022-08-08 16:33:12,42.9019,133.9064,69.8,79,79,7.25,broken clouds
680,Koltubanovskiy,RU,2022-08-08 16:33:13,52.9407,52.0269,75.18,58,95,6.82,overcast clouds
681,Polunochnoye,RU,2022-08-08 16:33:13,60.8697,60.4153,70.23,59,95,3.27,overcast clouds
682,Visnes,NO,2022-08-08 16:33:14,59.3556,5.2242,61.83,77,40,6.91,scattered clouds
683,Fuling,CN,2022-08-08 16:33:14,29.7022,107.3919,83.03,73,100,3.56,overcast clouds
684,Ilo,PE,2022-08-08 16:33:15,-17.6394,-71.3375,61.66,67,100,9.22,overcast clouds
685,Ornskoldsvik,SE,2022-08-08 16:32:21,63.2909,18.7153,63.55,59,8,10.36,clear sky
686,Port Augusta,AU,2022-08-08 16:33:16,-32.5,137.7667,43.84,65,0,3.15,clear sky
687,Invermere,CA,2022-08-08 16:32:38,50.5167,-116.0354,71.37,43,0,4.14,clear sky
688,Meulaboh,ID,2022-08-08 16:33:16,4.1363,96.1285,76.78,85,50,3.49,scattered clouds
689,Rawatsar,IN,2022-08-08 16:33:16,29.2833,74.3833,91.94,57,26,6.96,scattered clouds
690,Neuquen,AR,2022-08-08 16:30:23,-38.9516,-68.0591,44.49,81,75,2.3,broken clouds
691,Moree,AU,2022-08-08 16:33:17,-29.4667,149.85,42.87,82,0,7.07,clear sky
692,Roebourne,AU,2022-08-08 16:31:07,-20.7833,117.1333,68.52,56,32,9.22,light rain
